BatchSampleTime,ProbabilityComplaints
8/11/16 13:00,0
10/12/16 11:04,0
10/20/16 15:07,0.048346262
11/18/16 10:23,0.015037555
11/18/16 12:11,0.015037555
12/6/16 15:07,0.048346262
12/6/16 23:22,0.048346262
12/12/16 11:14,0.048346262
12/12/16 13:00,0.048346262
1/5/17 13:01,0.015037555
1/17/17 10:22,0.015037555
1/23/17 11:49,0.048346262
1/23/17 15:20,0.048346262
1/26/17 12:41,0
2/2/17 16:00,0.015037555
2/3/17 11:30,0.015037555
2/6/17 15:27,0.048346262
2/6/17 23:25,0.048346262
2/7/17 10:30,0.015037555
2/7/17 13:24,0.048346262
2/7/17 18:14,0.048346262
2/7/17 22:32,0.048346262
2/7/17 20:04,0.048346262
2/8/17 22:43,0.048346262
2/9/17 13:02,0.048346262
2/9/17 20:19,0.048346262
2/9/17 23:01,0
2/10/17 11:11,0.015037555
2/13/17 15:10,0.048346262
2/13/17 23:05,0.048346262
2/14/17 13:08,0.048346262
2/14/17 23:24,0.015037555
2/16/17 17:22,0.048346262
2/16/17 20:36,0.015037555
2/22/17 23:03,0.048346262
2/27/17 13:37,0.048346262
3/6/17 12:38,0.048346262
3/6/17 13:00,0.048346262
3/6/17 14:29,0.015037555
3/6/17 17:39,0.048346262
3/7/17 13:00,0.015037555
3/8/17 13:10,0.015037555
3/10/17 22:07,0.546031746
3/13/17 13:00,0
3/14/17 13:00,0.048346262
3/14/17 21:04,0.048346262
3/16/17 11:04,0.015037555
3/16/17 13:51,0.015037555
3/17/17 22:29,0.048346262
3/17/17 15:27,0.048346262
3/19/17 14:01,0.048346262
3/20/17 13:35,0.048346262
3/25/17 17:34,0
3/27/17 13:07,0.048346262
3/27/17 15:33,0.015037555
3/27/17 22:42,0.048346262
3/30/17 10:32,0
3/30/17 13:02,0.015037555
3/30/17 20:33,0.015037555
3/30/17 23:02,0.015037555
3/31/17 16:08,0.015037555
4/1/17 13:00,0.015037555
4/1/17 18:07,0
4/3/17 23:00,0.048346262
4/4/17 11:12,0.048346262
4/4/17 13:15,0.048346262
4/5/17 20:08,0.048346262
4/6/17 13:09,0.048346262
4/7/17 13:10,0.048346262
4/7/17 23:12,0.015037555
4/8/17 15:22,0.9
4/10/17 18:13,0
4/10/17 20:13,0
4/10/17 23:40,0
4/11/17 17:51,0.048346262
4/11/17 23:04,0
4/12/17 13:09,0.015037555
4/12/17 16:53,0.015037555
4/12/17 16:53,0.015037555
4/20/17 14:22,0.015037555
4/20/17 16:30,0.015037555
4/21/17 20:32,0.015037555
4/24/17 10:00,0.048346262
4/24/17 14:35,0.015037555
4/24/17 16:20,0.048346262
4/24/17 23:26,0.048346262
4/25/17 17:00,0
4/25/17 19:57,0
4/26/17 13:07,0.048346262
4/26/17 21:33,0.048346262
4/27/17 13:08,0.048346262
5/1/17 13:24,0
5/1/17 23:13,0
5/2/17 23:34,0.015037555
5/3/17 19:28,0.048346262
5/3/17 23:08,0.048346262
5/4/17 12:14,0.048346262
5/4/17 16:22,0.048346262
5/4/17 23:53,0.048346262
5/5/17 13:08,0.048346262
5/11/17 13:21,0.048346262
5/12/17 11:21,0.048346262
5/12/17 14:55,0.048346262
5/13/17 10:00,0.048346262
5/13/17 13:50,0
5/15/17 10:00,0.048346262
5/15/17 13:10,0.048346262
5/16/17 17:00,0.048346262
5/16/17 18:48,0.048346262
5/17/17 10:44,0.048346262
5/17/17 13:59,0.048346262
5/17/17 15:53,0.048346262
5/18/17 10:37,0.048346262
5/18/17 13:01,0.048346262
5/18/17 22:02,0.048346262
5/19/17 15:39,0.048346262
5/19/17 20:08,0.048346262
5/19/17 23:33,0.048346262
5/20/17 15:04,0.048346262
5/20/17 21:10,0.015037555
5/20/17 23:32,0.048346262
5/22/17 15:22,0.048346262
5/22/17 18:47,0.048346262
5/22/17 18:47,0.048346262
5/23/17 15:40,0.048346262
5/23/17 23:23,0.015037555
5/25/17 22:40,0.048346262
5/26/17 19:30,0.048346262
5/26/17 15:38,0.048346262
5/30/17 15:11,0.048346262
5/31/17 12:18,0.015037555
5/31/17 15:03,0.015037555
5/31/17 23:51,0.015037555
6/1/17 13:02,0.546031746
6/4/17 22:10,0.048346262
6/4/17 12:15,0.015037555
6/4/17 15:19,0.015037555
6/4/17 22:22,0.015037555
6/5/17 11:01,0.015037555
6/5/17 14:55,0.015037555
6/5/17 18:01,0.015037555
6/5/17 11:36,0.048346262
6/6/17 23:22,0.015037555
6/6/17 10:00,0.015037555
6/7/17 13:06,0.546031746
6/7/17 15:42,0.546031746
6/7/17 19:14,0.048346262
6/8/17 15:47,0.015037555
6/9/17 14:00,0.048346262
6/10/17 18:27,0.048346262
6/11/17 21:20,0.048346262
6/12/17 13:16,0.048346262
6/13/17 13:00,0.048346262
6/13/17 20:25,0.048346262
6/13/17 23:33,0.015037555
6/14/17 18:32,0.048346262
6/15/17 14:30,0.048346262
6/15/17 16:41,0.048346262
6/16/17 16:45,0.048346262
6/19/17 13:05,0.048346262
6/20/17 13:06,0.048346262
6/20/17 23:31,0.048346262
6/21/17 21:35,0.048346262
6/22/17 13:04,0.048346262
6/23/17 17:11,0.015037555
6/24/17 10:50,0.048346262
6/23/17 23:16,0.048346262
6/24/17 15:35,0.048346262
6/26/17 13:24,0.048346262
6/26/17 18:01,0.048346262
6/27/17 15:06,0
6/28/17 10:44,0
6/28/17 15:53,0.048346262
6/28/17 23:17,0.048346262
6/29/17 11:44,0.048346262
6/29/17 13:37,0.048346262
7/3/17 13:10,0.048346262
7/3/17 23:15,0.048346262
7/5/17 14:50,0.015037555
7/6/17 20:00,0
7/6/17 14:57,0.048346262
7/6/17 21:42,0
7/6/17 23:25,0
7/7/17 13:21,0.048346262
7/7/17 23:32,0.048346262
7/8/17 13:00,0.048346262
7/8/17 23:04,0.048346262
7/10/17 11:02,0
7/10/17 13:04,0
7/10/17 23:46,0.048346262
7/11/17 14:17,0.048346262
9/27/13 14:02,0
9/27/13 17:03,0
9/27/13 17:03,0
10/1/13 15:15,0
10/1/13 16:06,0.038203647
10/1/13 20:01,0
10/2/13 16:42,0
10/2/13 19:07,0
10/2/13 23:41,0
10/3/13 15:14,0
10/3/13 16:22,0
10/4/13 15:17,0.038203647
10/4/13 16:10,0.038203647
10/21/13 11:55,0
10/21/13 17:56,0.038203647
10/21/13 23:21,0.038203647
10/22/13 14:09,0
10/22/13 17:24,0
10/28/13 15:18,0
10/28/13 23:03,0
10/29/13 14:23,0
10/29/13 23:30,0
10/30/13 16:14,0
10/30/13 23:01,0
10/31/13 14:55,0
10/31/13 19:17,0.23249125
11/4/13 10:31,0
11/4/13 17:56,0.025844639
11/5/13 15:02,0.038203647
11/6/13 15:46,0.025844639
11/7/13 15:35,0.038203647
11/7/13 23:03,0
11/11/13 11:01,0
11/11/13 15:15,0
11/11/13 17:02,0
11/12/13 15:08,0
11/12/13 16:57,0
11/12/13 23:51,0.038203647
11/13/13 11:39,0
11/13/13 16:40,0
11/14/13 12:33,0
11/14/13 16:13,0.025844639
11/18/13 13:28,0.038203647
11/18/13 23:02,0
11/19/13 15:28,0
11/19/13 23:30,0
11/20/13 15:29,0
9/17/13 10:40,0.025844639
9/22/13 17:30,0
9/23/13 15:00,0
9/18/13 14:03,0
9/18/13 21:31,0
9/17/13 10:40,0.025844639
9/22/13 17:30,0
9/23/13 15:00,0
9/19/13 17:54,0
11/25/13 16:33,0
9/28/13 10:22,0
11/25/13 23:42,0
11/26/13 10:36,0.025844639
11/26/13 15:12,0
11/26/13 20:07,0.038203647
11/26/13 23:03,0
11/27/13 14:55,0.038203647
12/2/13 15:13,0
12/2/13 22:51,0
12/3/13 18:04,0
12/3/13 22:08,0
12/11/13 14:59,0
12/12/13 18:55,0
12/17/13 19:32,0
12/18/13 17:11,0
12/19/13 16:04,0
12/20/13 16:38,0
12/21/13 23:48,0.025844639
12/23/13 13:41,0
12/23/13 15:11,0
12/27/13 13:03,0
12/27/13 18:16,0
12/28/13 23:05,0.038203647
12/29/13 17:18,0.23249125
12/30/13 19:39,0.23249125
1/13/14 15:21,0.23249125
1/13/14 21:36,0
1/14/14 21:37,0
1/15/14 17:45,0
1/16/14 14:37,0
1/16/14 21:12,0
1/17/14 15:24,0
1/18/14 15:03,0
1/18/14 23:42,0.038203647
1/23/14 14:26,0
1/24/14 14:04,0
2/4/14 16:55,0
2/5/14 10:24,0
2/6/14 13:12,0.038203647
2/6/14 15:58,0.025844639
2/6/14 21:51,0
2/17/14 23:23,0.038203647
2/18/14 10:23,0.038203647
2/19/14 13:23,0
2/19/14 23:14,0
2/20/14 12:34,0
2/20/14 23:05,0.038203647
2/26/14 23:32,0
2/27/14 12:16,0
3/1/14 15:07,0.038203647
3/9/14 18:22,0
3/14/14 15:53,0
3/21/14 20:53,0
3/24/14 17:54,0.025844639
4/3/14 15:06,0
4/4/14 15:39,0
4/9/14 17:12,0.025844639
4/10/14 12:17,0
4/22/14 14:48,0.025844639
4/23/14 10:24,0
4/23/14 15:20,0.025844639
4/24/14 12:09,0
4/25/14 16:16,0
4/26/14 23:02,0.025844639
4/27/14 23:57,0
4/28/14 18:06,0.23249125
5/6/14 17:17,0
5/7/14 20:56,0
5/8/14 11:19,0.23249125
5/8/14 15:56,0
5/8/14 17:24,0.23249125
6/4/14 14:59,0.038203647
6/16/14 16:39,0
7/2/14 14:22,0
7/2/14 16:36,0
7/2/14 18:38,0
7/10/14 10:08,0
7/10/14 16:53,0
7/11/14 11:37,0
7/11/14 17:46,0.038203647
7/21/14 23:36,0
7/22/14 15:14,0
8/6/14 18:00,0.025844639
8/13/14 19:18,0
8/14/14 19:36,0
8/22/14 13:42,0.038203647
8/22/14 21:25,0.038203647
8/23/14 13:00,0
8/25/14 19:57,0
8/27/14 23:23,0.025844639
9/8/14 11:12,0
9/9/14 17:28,0.038203647
9/19/14 17:07,0
9/22/14 18:38,0
9/25/14 23:11,0
9/26/14 16:51,0
9/26/14 23:30,0
10/2/14 17:39,0.038203647
10/3/14 15:30,0
10/3/14 21:26,0
10/6/14 12:36,0.23249125
10/16/14 23:14,0
10/18/14 13:23,0
10/18/14 23:08,0
10/23/14 13:24,0
10/23/14 17:12,0
10/27/14 14:49,0
10/28/14 15:10,0.025844639
11/10/14 14:50,0.23249125
11/11/14 12:20,0
11/11/14 22:06,0.025844639
11/25/14 16:12,0
12/1/14 11:50,0.025844639
12/26/14 10:41,0.025844639
1/5/15 13:25,0
1/15/15 17:53,0.038203647
1/15/15 22:49,0
1/16/15 18:52,0.038203647
1/20/15 12:48,0
1/21/15 13:15,0.038203647
2/6/15 10:37,0
2/6/15 18:48,0
2/7/15 14:09,0
2/9/15 16:47,0
2/20/15 19:14,0.038203647
2/21/15 14:32,0
2/24/15 14:02,0
3/6/15 11:05,0
3/6/15 19:12,0
3/9/15 10:53,0
3/9/15 17:08,0.025844639
3/10/15 13:37,0.025844639
3/10/15 20:12,0.025844639
3/11/15 10:30,0
3/18/15 23:10,0
3/19/15 13:32,0.025844639
3/20/15 12:25,0.025844639
3/20/15 18:54,0
3/23/15 12:37,0
3/23/15 18:41,0
3/31/15 11:24,0.038203647
4/1/15 21:01,0.025844639
4/9/15 20:55,0
4/10/15 13:16,0
4/10/15 19:07,0
5/1/15 10:58,0.025844639
5/1/15 20:56,0
5/12/15 15:00,0.025844639
5/18/15 10:14,0
5/18/15 14:41,0
5/20/15 20:56,0
5/21/15 11:48,0
6/5/15 10:19,0
6/5/15 17:45,0
6/17/15 10:55,0.025844639
6/17/15 17:32,0
7/10/15 23:03,0
7/17/15 18:45,0
7/20/15 12:00,0.038203647
7/23/15 10:56,0.025844639
7/30/15 18:19,0
8/4/15 14:52,0.23249125
8/4/15 23:04,0
8/11/15 19:57,0.23249125
8/12/15 12:37,0.025844639
8/20/15 18:01,0.23249125
8/26/15 12:42,0.038203647
9/2/15 20:27,0
9/14/15 20:17,0
9/15/15 11:34,0.23249125
9/24/15 17:17,0
9/25/15 11:33,0.025844639
10/6/15 15:31,0.025844639
10/7/15 10:56,0.025844639
10/21/15 14:50,0.038203647
11/3/15 11:14,0
11/3/15 23:04,0.025844639
11/11/15 14:56,0
11/11/15 22:54,0.23249125
11/12/15 16:05,0
12/1/15 23:37,0.038203647
12/2/15 13:49,0
12/2/15 17:57,0.025844639
12/11/15 15:09,0.025844639
12/14/15 12:49,0.025844639
12/14/15 16:46,0.23249125
12/22/15 21:04,0
12/30/15 20:54,0.025844639
1/4/16 11:11,0.23249125
1/4/16 20:20,0
1/13/16 13:09,0.025844639
1/13/16 23:08,0
1/14/16 18:55,0.038203647
1/27/16 14:24,0
2/4/16 10:10,0.016545799
2/4/16 13:39,0
2/4/16 14:44,0.016545799
2/4/16 14:50,0.016545799
2/10/16 12:10,0
2/10/16 15:41,0.016545799
2/10/16 17:40,0.016545799
2/10/16 18:19,0.025844639
2/10/16 21:07,0.016545799
2/10/16 23:52,0.016545799
2/29/16 10:20,0.016545799
2/29/16 11:33,0.016545799
2/29/16 13:03,0.016545799
2/29/16 15:15,0.016545799
2/29/16 16:31,0.016545799
2/29/16 20:46,0
2/29/16 22:21,0.016545799
2/29/16 23:11,0.016545799
3/1/16 10:00,0.016545799
3/9/16 10:48,0.23249125
3/9/16 14:35,0.025844639
3/9/16 15:27,0.016545799
3/9/16 17:27,0.016545799
3/9/16 19:13,0.016545799
3/17/16 19:33,0
3/17/16 23:34,0.016545799
3/18/16 11:45,0.025844639
3/18/16 12:58,0.016545799
3/30/16 14:30,0.038203647
3/30/16 15:10,0.016545799
3/30/16 23:28,0.016545799
3/31/16 11:01,0.025844639
3/30/16 17:00,0.016545799
3/30/16 19:06,0.016545799
3/30/16 22:50,0.016545799
3/31/16 10:51,0.016545799
3/31/16 14:07,0.016545799
4/13/16 10:24,0.016545799
4/13/16 12:35,0.016545799
4/13/16 13:16,0.016545799
4/13/16 13:21,0.016545799
4/13/16 18:56,0.016545799
4/13/16 22:07,0.016545799
4/13/16 23:09,0.016545799
4/13/16 23:33,0.016545799
5/2/16 15:03,0
5/2/16 17:21,0.016545799
5/2/16 18:28,0.016545799
5/2/16 19:05,0.016545799
5/2/16 20:37,0.016545799
5/2/16 21:00,0.016545799
5/2/16 21:39,0.23249125
5/17/16 10:47,0.016545799
5/17/16 12:17,0.016545799
5/17/16 13:19,0.016545799
5/17/16 14:33,0.016545799
5/17/16 15:20,0.038203647
6/1/16 13:22,0.025844639
6/1/16 11:40,0.016545799
6/1/16 13:10,0.016545799
6/1/16 14:27,0.016545799
6/1/16 15:32,0.016545799
6/1/16 16:54,0.016545799
6/1/16 17:11,0.016545799
6/1/16 18:11,0.016545799
6/1/16 19:05,0.016545799
6/1/16 22:01,0.016545799
6/2/16 10:07,0.016545799
6/2/16 12:02,0.016545799
6/2/16 14:45,0.016545799
6/2/16 16:16,0.016545799
6/29/16 14:34,0
7/14/16 15:25,0.016545799
7/14/16 16:41,0.23249125
7/14/16 16:49,0.016545799
8/2/16 11:11,0.23249125
8/2/16 12:08,0.016545799
8/2/16 13:23,0.016545799
8/2/16 13:54,0.016545799
8/2/16 14:46,0.016545799
8/2/16 15:39,0.016545799
8/2/16 16:34,0.016545799
8/2/16 17:52,0.016545799
8/2/16 18:41,0
8/2/16 20:53,0.016545799
8/2/16 21:54,0.016545799
8/2/16 23:12,0.016545799
8/10/16 21:07,0.025844639
8/10/16 17:45,0.016545799
8/10/16 22:10,0.016545799
8/10/16 23:27,0.016545799
8/11/16 10:27,0.016545799
8/11/16 11:15,0.016545799
9/2/16 12:26,0
9/2/16 14:07,0
9/2/16 16:00,0
9/15/16 13:24,0
9/15/16 14:27,0
9/15/16 15:39,0
9/15/16 16:46,0
9/15/16 17:37,0
9/15/16 20:01,0
9/15/16 20:58,0
9/15/16 22:04,0
9/15/16 23:06,0
11/17/10 15:23,0.029067159
11/17/10 15:32,0.029067159
11/17/10 23:34,0.025118538
11/19/10 13:13,0
11/22/10 14:06,0.029067159
11/23/10 14:42,0.029067159
11/23/10 21:05,0.029067159
11/30/10 14:18,0.018786809
11/30/10 21:47,0
11/30/10 22:01,0.027777975
12/1/10 19:20,0.041818749
12/1/10 23:34,0
11/29/10 14:30,0.025118538
11/29/10 16:34,0.025118538
11/29/10 16:37,0.025118538
12/2/10 10:19,0.029067159
11/23/10 18:02,0.025118538
12/2/10 15:13,0
12/2/10 16:03,0.029067159
12/2/10 21:52,0.018786809
12/2/10 22:04,0.027777975
11/23/10 22:48,0.041818749
11/24/10 11:53,0.027777975
11/24/10 11:52,0.027777975
12/1/10 23:56,0
11/30/10 22:49,0.018786809
12/6/10 19:54,0.041818749
12/6/10 20:12,0.018786809
12/6/10 23:26,0.025118538
12/6/10 23:32,0.018786809
12/7/10 10:07,0.025118538
12/7/10 15:09,0.041818749
12/7/10 20:03,0.025118538
12/7/10 23:21,0.018786809
12/8/10 13:27,0.041818749
12/8/10 18:42,0.041818749
12/8/10 23:34,0.041818749
12/9/10 15:20,0.041818749
12/9/10 20:07,0
12/9/10 23:30,0.029067159
12/14/10 15:57,0.025118538
12/14/10 18:41,0
12/14/10 23:17,0.018786809
12/15/10 15:36,0.025118538
12/15/10 20:25,0.041818749
12/16/10 23:52,0.041818749
12/17/10 15:22,0.025118538
12/20/10 10:13,0.025118538
12/20/10 15:38,0.041818749
12/20/10 21:05,0.041818749
12/20/10 23:05,0.041818749
12/28/10 19:01,0.025118538
12/29/10 11:27,0.018786809
12/29/10 11:42,0.018786809
12/29/10 14:25,0.018786809
12/29/10 15:40,0.018786809
12/29/10 23:23,0
12/29/10 23:29,0.027777975
1/4/11 16:48,0
1/4/11 19:14,0.041818749
1/7/11 16:36,0.027777975
1/7/11 11:44,0.027777975
1/7/11 11:59,0.018786809
1/7/11 15:31,0.001438849
1/7/11 15:09,0.027777975
1/7/11 23:33,0.025118538
1/10/11 13:17,0.025118538
1/10/11 13:17,0.025118538
1/10/11 23:19,0.041818749
1/12/11 11:37,0.027777975
1/12/11 14:54,0.018786809
1/12/11 17:51,0.027777975
1/12/11 21:05,0
1/19/11 23:37,0.018786809
1/19/11 23:46,0.025118538
1/20/11 15:03,0.027777975
1/20/11 23:27,0.027777975
1/21/11 10:06,0.027777975
1/21/11 20:06,0.108033295
1/21/11 13:06,0.108033295
1/21/11 13:18,0.122824579
1/21/11 23:01,0.108033295
1/22/10 17:50,0.122824579
1/22/11 20:38,0.067960961
1/22/11 21:55,0.067960961
1/25/11 11:17,0
1/25/11 17:08,0
1/25/11 17:13,0
1/25/11 23:10,0
1/25/11 23:33,0
1/26/11 15:36,0
1/26/11 15:46,0
1/27/11 19:28,0.108033295
1/27/11 23:42,0.108033295
1/28/11 21:00,0.027777975
2/2/11 17:43,0.018786809
2/2/11 21:23,0.018786809
2/2/11 23:33,0.027777975
2/3/11 15:47,0.025118538
2/3/11 19:14,0.025118538
2/3/11 21:52,0.018786809
2/4/11 15:52,0.108033295
2/4/11 13:04,0.122824579
2/7/11 16:47,0.025118538
2/7/11 17:04,0.025118538
2/7/11 23:30,0.018786809
2/7/11 23:42,0.018786809
2/8/11 17:38,0.025118538
2/8/11 16:38,0.025118538
2/8/11 23:27,0.018786809
2/9/11 11:22,0.018786809
2/9/11 15:36,0.027777975
2/9/11 18:12,0.018786809
2/9/11 18:26,0.018786809
2/9/11 21:35,0.027777975
2/9/11 21:56,0.027777975
2/10/11 11:25,0.018786809
2/10/11 15:47,0.025118538
2/10/11 17:38,0.018786809
2/10/11 19:41,0.041818749
2/10/11 21:36,0.018786809
2/11/11 15:36,0.027777975
2/11/11 21:58,0.025118538
2/11/11 23:09,0.122824579
2/14/11 19:05,0.025118538
2/22/11 15:36,0.018786809
2/22/11 18:19,0.018786809
2/22/11 21:49,0.025118538
2/22/11 23:41,0.025118538
3/1/11 13:39,0.018786809
3/2/11 13:38,0.018786809
3/3/11 15:00,0.027777975
3/5/11 15:32,0.018786809
3/5/11 18:36,0.018786809
3/6/11 21:48,0.018786809
3/5/11 23:21,0.025118538
3/6/11 15:51,0.018786809
3/6/11 18:14,0.018786809
3/6/11 20:00,0.018786809
3/8/11 14:38,0.025118538
3/8/11 14:59,0.018786809
3/9/11 21:03,0.018786809
3/9/11 21:14,0.027777975
3/9/11 16:15,0.018786809
3/9/11 21:40,0.018786809
3/10/11 16:05,0.018786809
3/11/11 11:16,0.018786809
3/11/11 11:31,0.018786809
3/11/11 14:13,0.027777975
3/11/11 14:30,0.018786809
3/23/11 17:02,0.041818749
3/23/11 19:37,0.041818749
3/24/11 17:29,0.041818749
3/24/11 21:14,0.041818749
3/24/11 22:51,0.025118538
3/29/11 10:18,0.025118538
3/29/11 13:05,0.041818749
3/29/11 14:59,0.025118538
3/29/11 15:10,0.025118538
3/30/11 16:13,0.025118538
3/30/11 12:55,0.041818749
3/30/11 16:24,0.025118538
3/30/11 21:29,0.018786809
4/5/11 20:28,0.097470402
4/5/11 21:32,0.018786809
4/5/11 23:05,0.041818749
4/6/11 15:27,0.041818749
4/6/11 16:11,0.025118538
4/6/11 17:50,0.025118538
4/6/11 19:18,0.041818749
4/8/11 12:20,0
4/8/11 15:08,0.025118538
4/8/11 15:27,0.041818749
4/8/11 18:27,0.025118538
4/8/11 18:36,0.025118538
4/11/11 14:22,0.025118538
4/11/11 21:33,0.025118538
4/12/11 13:38,0.025118538
4/12/11 14:01,0.025118538
4/12/11 17:42,0.025118538
4/12/11 17:55,0.041818749
4/14/11 19:00,0.025118538
4/14/11 13:27,0.018786809
4/14/11 15:47,0.025118538
4/14/11 17:04,0.025118538
4/14/11 16:03,0.025118538
4/14/11 18:25,0.025118538
4/14/11 20:17,0.025118538
4/14/11 21:44,0.025118538
4/14/11 23:04,0.025118538
4/14/11 21:53,0.025118538
4/14/11 23:18,0.025118538
4/15/11 13:04,0.025118538
4/15/11 13:33,0.041818749
4/15/11 15:13,0.025118538
4/15/11 17:07,0.025118538
4/12/11 12:47,0
4/18/11 13:26,0.018786809
4/18/11 21:27,0
4/19/11 15:27,0.025118538
4/19/11 17:08,0.025118538
4/19/11 21:05,0.018786809
4/20/11 10:00,0.025118538
4/20/11 18:15,0.018786809
4/20/11 18:16,0.025118538
4/25/11 13:13,0.018786809
4/25/11 14:23,0.018786809
4/25/11 16:06,0
4/26/11 18:19,0
4/26/11 22:40,0.041818749
4/27/11 17:00,0.041818749
4/27/11 10:22,0
4/27/11 10:54,0.018786809
4/27/11 14:12,0.041818749
4/27/11 15:55,0.025118538
4/27/11 13:02,0.025118538
4/27/11 14:07,0.041818749
4/27/11 10:19,0.025118538
4/28/11 12:32,0
4/28/11 13:52,0
4/29/11 13:32,0.025118538
4/29/11 14:20,0
4/29/11 15:51,0.025118538
5/3/11 18:14,0.018786809
5/3/11 18:24,0.025118538
5/4/11 13:24,0.041818749
5/4/11 16:22,0
5/5/11 21:14,0.025118538
5/6/11 16:15,0
5/9/11 10:37,0
5/10/11 18:00,0.029067159
5/11/10 14:00,0.07864834
5/10/11 21:50,0.029067159
5/11/11 16:24,0.041818749
5/11/11 22:43,0.025118538
5/12/11 13:01,0.097470402
5/12/11 13:24,0.029067159
5/12/11 17:12,0.041818749
5/16/11 17:28,0.041818749
5/16/11 22:37,0.041818749
5/17/11 15:41,0.025118538
5/17/11 15:50,0.041818749
5/17/11 17:40,0.041818749
5/17/11 21:16,0.041818749
5/17/11 23:30,0.041818749
5/18/11 14:00,0.029067159
5/18/11 10:09,0.097470402
5/18/11 10:14,0.097470402
5/18/11 15:31,0.041818749
5/19/11 10:37,0.07864834
5/19/11 11:29,0.029067159
5/19/11 12:42,0.029067159
5/19/11 15:47,0.029067159
5/19/11 17:26,0.029067159
5/19/11 23:26,0.029067159
5/23/11 15:44,0.041818749
5/23/11 17:13,0.041818749
5/24/11 10:50,0.018786809
5/24/11 14:23,0.041818749
5/24/11 16:57,0.041818749
5/24/11 15:36,0.025118538
5/24/11 16:27,0.041818749
5/25/11 16:00,0.041818749
5/25/11 11:04,0.097470402
5/25/11 17:37,0.097470402
5/26/11 15:57,0.025118538
5/26/11 17:23,0.041818749
5/26/11 18:29,0.029067159
5/26/11 19:12,0.041818749
5/26/11 22:51,0.041818749
5/26/11 22:45,0.041818749
5/31/11 16:11,0.041818749
5/31/11 22:38,0.041818749
6/1/11 13:26,0.041818749
6/1/11 14:55,0.041818749
6/1/11 16:50,0.041818749
6/1/11 16:59,0.029067159
6/1/11 21:52,0.041818749
6/1/11 21:55,0.041818749
6/2/11 10:04,0.041818749
6/2/11 16:12,0.041818749
6/2/11 17:29,0.041818749
6/12/11 16:46,0.111701701
6/2/11 17:26,0.097470402
6/3/11 10:00,0.122824579
6/3/11 19:00,0.041818749
6/3/11 18:10,0.025118538
6/3/11 19:38,0.025118538
6/3/11 21:13,0.122824579
6/3/11 21:18,0.122824579
6/7/11 14:05,0.041818749
6/7/11 14:09,0.041818749
6/7/11 15:30,0.041818749
6/7/11 15:35,0.111701701
6/7/11 22:01,0.041818749
6/7/11 22:38,0.041818749
6/7/11 21:49,0.041818749
6/7/11 22:06,0.041818749
6/8/11 15:16,0.122824579
6/8/11 15:28,0.025118538
6/8/11 15:38,0.041818749
6/8/11 17:39,0.041818749
6/9/11 15:43,0.041818749
6/9/11 17:01,0.041818749
6/9/11 23:09,0.025118538
6/15/11 13:24,0.041818749
6/15/11 14:17,0.025118538
6/15/11 13:39,0.025118538
6/15/11 14:29,0.025118538
6/16/11 13:01,0.041818749
6/16/11 14:39,0.041818749
6/16/11 13:22,0.041818749
6/16/11 15:51,0.041818749
6/15/11 22:25,0.041818749
6/16/11 10:00,0.041818749
6/16/11 21:30,0.041818749
6/16/11 22:59,0.041818749
6/21/11 10:07,0.041818749
6/21/11 11:37,0.041818749
6/21/11 13:17,0.025118538
6/21/11 14:31,0.025118538
6/21/11 13:03,0.122824579
6/21/11 22:00,0.025118538
6/21/11 23:12,0.025118538
6/22/11 13:06,0.041818749
6/22/11 14:22,0.041818749
6/22/11 22:06,0.025118538
6/22/11 23:59,0.018786809
6/23/11 16:28,0.025118538
6/23/11 17:45,0.025118538
6/23/11 21:09,0.025118538
6/23/11 23:33,0.025118538
6/28/11 17:52,0
6/28/11 18:56,0.027777975
6/28/11 21:21,0.025118538
6/28/11 23:48,0.025118538
6/29/11 11:22,0.018786809
6/29/11 17:56,0.041818749
6/29/11 18:53,0.041818749
7/5/11 14:15,0.025118538
7/5/11 16:00,0.025118538
7/6/11 23:55,0.041818749
7/7/11 16:55,0.025118538
7/8/11 13:44,0.025118538
7/8/11 13:56,0.041818749
7/9/11 15:00,0.025118538
7/11/11 16:24,0.025118538
7/11/12 21:28,0.025118538
7/12/11 10:11,0.025118538
7/12/11 15:10,0
7/13/11 18:04,0.025118538
7/13/11 23:55,0.025118538
7/14/11 20:00,0.025118538
7/13/11 23:30,0.025118538
7/14/11 13:11,0.018786809
7/14/11 15:56,0.018786809
7/14/11 16:28,0.025118538
7/14/11 16:38,0.025118538
7/15/11 18:20,0.025118538
7/19/11 17:32,0.018786809
7/19/11 21:16,0.025118538
7/20/11 14:49,0.018786809
7/21/11 15:30,0.018786809
7/21/11 21:29,0.018786809
7/22/11 16:55,0.018786809
7/22/11 21:37,0.027777975
7/25/11 13:29,0.025118538
7/25/11 22:21,0.025118538
7/26/11 13:39,0
7/26/11 16:13,0.025118538
7/26/11 18:33,0.027777975
7/26/11 21:15,0.018786809
7/27/11 21:24,0.018786809
7/20/11 21:40,0.018786809
7/20/11 21:55,0.025118538
7/20/11 23:48,0.018786809
7/27/11 14:29,0.018786809
7/27/11 22:32,0.025118538
7/27/11 23:22,0
7/28/11 14:57,0.018786809
7/28/11 15:27,0.067960961
7/28/11 23:02,0.025118538
7/28/11 23:07,0.018786809
8/1/11 13:45,0.025118538
8/1/11 14:18,0.018786809
8/1/11 23:52,0.018786809
8/3/11 10:06,0.027777975
8/3/11 13:21,0.025118538
8/3/11 13:27,0.025118538
8/4/11 13:23,0.018786809
8/4/11 18:20,0.025118538
8/4/11 21:04,0.018786809
8/9/11 22:54,0.025118538
8/10/11 13:39,0.025118538
8/10/11 14:52,0.018786809
8/10/11 15:16,0.018786809
8/10/11 21:05,0.025118538
8/10/11 21:20,0.018786809
8/11/11 13:42,0.025118538
8/11/11 19:25,0.027777975
8/11/11 21:00,0.018786809
8/16/11 12:12,0.086286393
8/16/11 14:47,0.018786809
8/16/11 16:16,0.018786809
8/16/11 21:33,0.025118538
8/17/11 16:05,0.018786809
8/17/11 17:25,0.018786809
8/17/11 21:32,0.025118538
8/18/11 13:39,0.122824579
8/18/11 21:41,0.122824579
8/22/11 23:40,0.122824579
8/23/11 13:47,0.122824579
8/23/11 14:08,0.122824579
8/30/11 18:42,0.122824579
8/30/11 21:29,0.122824579
8/31/11 13:12,0.108033295
9/1/11 15:20,0.122824579
9/1/11 23:31,0.108033295
9/2/11 15:37,0.122824579
9/7/11 10:21,0.108033295
9/7/11 15:04,0.067960961
9/7/11 17:28,0.108033295
9/7/11 21:12,0.108033295
9/8/11 13:04,0.067960961
9/8/11 13:19,0.067960961
9/9/11 13:10,0.108033295
9/9/11 22:17,0.111701701
9/10/11 15:34,0.108033295
9/10/11 22:22,0.122824579
9/12/11 22:46,0.027777975
9/13/11 22:38,0.108033295
9/14/11 10:53,0.122824579
9/14/11 16:02,0.122824579
9/14/11 16:12,0.108033295
9/14/11 22:19,0.111701701
9/14/11 22:25,0.111701701
9/14/11 22:37,0.018786809
9/15/11 13:03,0.122824579
9/15/11 23:51,0.108033295
9/20/11 18:16,0.067960961
9/20/11 18:18,0.025118538
9/20/11 21:04,0.108033295
9/20/11 22:10,0.108033295
9/21/11 13:56,0.122824579
9/21/11 18:49,0.086286393
9/21/11 21:23,0.108033295
9/22/11 15:04,0.122824579
9/27/11 16:00,0.025118538
9/27/11 15:41,0.108033295
9/28/11 15:07,0.108033295
9/28/11 11:28,0.122824579
9/28/11 21:30,0.122824579
9/28/11 21:39,0.122824579
9/29/11 14:31,0.018786809
10/4/11 15:42,0.108033295
10/4/11 23:59,0.108033295
10/5/11 16:33,0.025118538
10/5/11 21:31,0.025118538
10/6/11 14:53,0.027777975
10/6/11 21:35,0.027777975
10/12/11 15:47,0.018786809
10/12/11 22:58,0.025118538
10/13/11 10:29,0.108033295
10/13/11 15:14,0.122824579
10/13/11 21:37,0.067960961
10/14/11 17:05,0.018786809
10/14/11 17:20,0.018786809
10/17/11 11:25,0.097470402
10/17/11 17:53,0
10/17/11 18:08,0
10/19/11 20:00,0.025118538
10/19/11 21:00,0.018786809
10/19/11 15:39,0.025118538
10/19/11 15:51,0.018786809
10/19/11 23:50,0.027777975
10/20/11 16:12,0.025118538
10/17/11 10:29,0.018786809
10/17/11 12:31,0.027777975
10/17/11 12:31,0.027777975
10/17/11 15:05,0.027777975
10/17/11 15:21,0.018786809
10/17/11 15:57,0.027777975
10/25/11 13:07,0.018786809
10/26/11 12:00,0.086286393
10/26/11 15:40,0.018786809
10/26/11 16:42,0.027777975
10/26/11 22:18,0.018786809
10/26/11 22:28,0.027777975
10/27/11 10:45,0.018786809
10/27/11 11:08,0.018786809
10/27/11 14:16,0.027777975
10/27/11 16:34,0.018786809
10/27/11 21:56,0.025118538
10/27/11 22:18,0.027777975
10/31/11 13:34,0.025118538
10/31/11 23:04,0.025118538
10/31/11 23:11,0.027777975
11/1/11 13:40,0.018786809
11/1/11 13:44,0
11/1/11 17:10,0.018786809
11/1/11 22:09,0.018786809
11/1/11 22:24,0.027777975
11/2/11 13:25,0.111701701
11/2/11 18:09,0.122824579
11/2/11 21:16,0.122824579
11/2/11 21:29,0.111701701
11/3/11 14:41,0.122824579
11/3/11 10:54,0.108033295
11/3/11 12:42,0.108033295
11/7/11 15:31,0.108033295
11/7/11 22:47,0.108033295
11/8/11 15:47,0.122824579
11/9/11 18:00,0.122824579
11/9/11 13:19,0.111701701
11/9/11 13:36,0.108033295
11/11/11 16:25,0.111701701
11/14/11 14:07,0.108033295
11/14/11 14:33,0.122824579
11/15/11 20:00,0.027777975
11/15/11 17:18,0.018786809
11/15/11 17:19,0.122824579
11/15/11 23:27,0.122824579
11/16/11 15:00,0.122824579
11/16/11 17:33,0.122824579
11/16/11 21:41,0.122824579
11/17/11 16:31,0.122824579
3/17/11 16:44,0.067960961
11/17/11 21:21,0.111701701
11/17/11 22:35,0.122824579
11/21/11 13:51,0.122824579
11/22/11 13:26,0.122824579
11/22/11 15:33,0.067960961
11/22/11 16:10,0.067960961
11/22/11 21:02,0.122824579
11/23/11 11:00,0.108033295
11/22/11 21:02,0.122824579
11/23/11 11:00,0.108033295
11/23/11 16:09,0.067960961
11/28/11 13:41,0.067960961
11/28/11 14:09,0.067960961
11/28/11 22:29,0.108033295
11/28/11 23:09,0.108033295
11/29/11 18:57,0.108033295
11/29/11 22:42,0.108033295
11/30/11 14:42,0.108033295
11/30/11 14:57,0.108033295
12/2/11 14:50,0.111701701
12/8/11 14:24,0.025118538
12/8/11 18:00,0.025118538
12/9/11 12:11,0.111701701
12/9/11 14:13,0.025118538
12/9/11 18:26,0.111701701
12/8/11 22:42,0.025118538
12/12/11 18:00,0.025118538
12/12/11 15:59,0.041818749
12/12/11 22:20,0.025118538
12/14/11 15:01,0.07864834
12/14/11 16:14,0.111701701
12/14/11 16:18,0.041818749
12/14/11 16:59,0.111701701
12/14/11 21:27,0.097470402
12/14/11 21:31,0.097470402
12/15/11 10:51,0.097470402
12/15/11 15:13,0.018786809
12/15/11 15:38,0.025118538
12/15/11 22:39,0.097470402
12/15/11 22:55,0.041818749
12/19/11 15:01,0.041818749
12/19/11 21:27,0.111701701
12/20/11 16:55,0.041818749
12/20/11 17:07,0.041818749
12/20/11 20:15,0.041818749
12/20/11 20:31,0.025118538
12/20/11 23:44,0.041818749
12/21/11 15:11,0.025118538
12/27/11 23:43,0.097470402
12/28/11 15:24,0.025118538
12/28/11 17:37,0.025118538
12/29/11 14:49,0.111701701
1/3/12 19:37,0.041818749
1/3/12 22:27,0.041818749
1/4/12 23:10,0.041818749
1/5/12 13:21,0.018786809
1/6/12 13:31,0.025118538
1/6/12 14:15,0.018786809
1/6/12 22:04,0.018786809
1/7/12 15:38,0.018786809
1/7/12 19:16,0.018786809
1/7/12 21:07,0.018786809
1/7/12 22:01,0.018786809
1/11/12 17:12,0.018786809
1/11/12 21:34,0.111701701
1/11/12 21:46,0.018786809
1/12/12 14:16,0.01019678
1/12/12 15:30,0.025118538
1/12/12 17:10,0.025118538
1/12/12 23:53,0.027777975
1/13/12 16:02,0.018786809
1/17/12 19:00,0.111701701
1/17/12 16:38,0.108033295
1/17/12 16:49,0.108033295
1/17/12 18:04,0.025118538
1/17/12 21:42,0.111701701
1/18/12 13:26,0.122824579
1/18/12 14:15,0.122824579
1/18/12 22:36,0.122824579
1/19/12 13:36,0.108033295
1/19/12 13:58,0.122824579
1/19/12 20:19,0.111701701
1/19/12 21:10,0.122824579
1/23/12 18:38,0.122824579
1/23/12 23:11,0.111701701
1/24/12 14:08,0.122824579
1/24/12 14:21,0.122824579
1/24/12 22:26,0.122824579
1/25/12 16:10,0.122824579
1/25/12 16:20,0.122824579
1/25/12 21:07,0.122824579
1/26/12 13:14,0.111701701
1/26/12 15:07,0.122824579
1/26/12 15:15,0.111701701
1/27/12 11:23,0.122824579
1/27/12 16:44,0.111701701
1/30/12 11:53,0.097470402
1/30/12 17:58,0.025118538
1/31/12 13:39,0.111701701
1/31/12 18:54,0.009760482
1/31/12 22:18,0.111701701
2/1/12 16:00,0.111701701
2/1/12 13:00,0.122824579
2/1/12 16:27,0.122824579
2/1/12 21:12,0.122824579
2/1/12 21:39,0.111701701
2/2/12 14:59,0.122824579
2/2/12 15:10,0.111701701
2/2/12 21:49,0.111701701
2/2/12 22:10,0.111701701
2/3/12 11:03,0.097470402
2/3/12 15:17,0.122824579
2/7/12 10:39,0.111701701
2/7/12 10:51,0.111701701
2/7/12 16:25,0.111701701
2/7/12 23:52,0.097470402
2/8/12 16:16,0.111701701
2/8/12 23:19,0.111701701
2/8/12 23:37,0.111701701
2/9/12 13:01,0.122824579
2/9/12 14:00,0.122824579
2/9/12 19:32,0.122824579
2/10/12 14:07,0.122824579
2/13/12 13:18,0.111701701
2/13/12 23:03,0.111701701
2/14/12 13:35,0.111701701
2/14/12 16:13,0.097470402
2/14/12 21:35,0.041818749
2/15/12 12:17,0.111701701
2/15/12 17:07,0.111701701
2/15/12 17:11,0.111701701
2/15/12 22:00,0.111701701
2/16/12 13:15,0.025118538
2/16/12 21:07,0.111701701
2/16/12 13:15,0.025118538
2/21/12 16:16,0.111701701
2/21/12 19:18,0.111701701
2/21/12 18:58,0.111701701
2/21/12 19:18,0.111701701
2/22/12 18:00,0.111701701
2/22/12 14:58,0.025118538
2/22/12 15:14,0.111701701
2/22/12 17:29,0.041818749
2/22/12 18:59,0.111701701
2/22/12 22:23,0.111701701
2/22/12 22:50,0.025118538
2/23/12 13:11,0.111701701
2/27/12 19:00,0.041818749
2/27/12 15:56,0.097470402
2/27/12 18:36,0.111701701
2/28/12 13:36,0.041818749
2/28/12 17:28,0.111701701
2/28/12 19:13,0.111701701
2/28/12 23:46,0.025118538
2/28/12 23:59,0.041818749
2/29/12 16:50,0.097470402
2/29/12 17:04,0.029067159
2/29/12 22:07,0.025118538
2/29/12 23:28,0.025118538
2/29/12 23:39,0.097470402
3/1/12 14:46,0.122824579
3/1/12 18:32,0.025118538
3/5/12 19:48,0.111701701
3/6/12 13:39,0.025118538
3/7/12 15:09,0.025118538
3/7/12 15:25,0.097470402
3/7/12 22:51,0.111701701
3/7/12 23:05,0.025118538
3/8/12 15:20,0.041818749
3/8/12 23:39,0.041818749
3/13/12 13:47,0.025118538
3/13/12 13:53,0.025118538
3/13/12 20:02,0.111701701
3/13/12 21:00,0.111701701
3/13/12 23:49,0.111701701
3/14/12 15:21,0.018786809
3/15/12 23:53,0.122824579
3/16/12 15:49,0.018786809
3/19/12 23:52,0.041818749
3/20/12 12:26,0.041818749
3/20/12 13:04,0.041818749
3/20/12 13:00,0.025118538
3/20/12 22:58,0.029067159
3/21/12 15:36,0.025118538
3/21/12 15:41,0.025118538
3/23/12 21:21,0.041818749
3/23/12 13:00,0.025118538
3/26/12 15:36,0.025118538
3/26/12 22:15,0.025118538
3/27/12 13:34,0.025118538
3/27/12 13:41,0.025118538
3/27/12 21:58,0.025118538
3/28/12 15:17,0.025118538
3/28/12 15:34,0.041818749
3/28/12 21:03,0.025118538
3/28/12 21:18,0.025118538
3/29/12 18:09,0.025118538
4/2/12 11:32,0.025118538
4/2/12 15:17,0.025118538
4/2/12 15:14,0.041818749
4/3/12 22:00,0.041818749
4/3/12 23:43,0.041818749
4/3/12 14:08,0.041818749
4/4/12 13:11,0.041818749
4/4/12 22:27,0.041818749
4/5/12 17:21,0.025118538
4/9/12 17:57,0.025118538
4/10/12 10:57,0.029067159
4/10/12 13:44,0.041818749
4/10/12 15:03,0.025118538
4/11/12 16:08,0.025118538
4/11/12 22:52,0.025118538
4/12/12 14:17,0.041818749
4/12/12 21:10,0.025118538
4/16/12 14:19,0.041818749
4/16/12 21:44,0.025118538
4/17/12 19:33,0.041818749
4/17/12 21:18,0.025118538
4/18/12 13:37,0.025118538
4/18/12 21:53,0.025118538
4/19/12 15:03,0.025118538
4/19/12 23:20,0.025118538
4/23/12 19:01,0.041818749
4/23/12 23:54,0.025118538
4/24/12 13:17,0.025118538
4/25/12 12:05,0.041818749
4/25/12 13:02,0.025118538
4/25/12 15:41,0.025118538
4/25/12 21:53,0.025118538
4/25/12 22:07,0.025118538
4/26/12 15:31,0.025118538
4/30/12 14:13,0.025118538
4/30/12 21:27,0.041818749
5/1/12 13:08,0.122824579
5/1/12 13:22,0.111701701
5/2/12 13:05,0.122824579
5/2/12 13:13,0.111701701
5/2/12 21:34,0.111701701
5/2/12 21:43,0.111701701
5/3/12 13:43,0.111701701
5/3/12 13:51,0.111701701
5/3/12 18:06,0.111701701
5/7/12 19:31,0.111701701
5/7/12 21:14,0.111701701
5/8/12 14:57,0.111701701
5/8/12 21:49,0.111701701
5/9/12 15:19,0.111701701
5/9/12 21:23,0.111701701
5/9/12 23:27,0.097470402
5/10/12 16:35,0.111701701
5/10/12 16:51,0.111701701
5/10/12 18:26,0.097470402
5/10/12 23:38,0.122824579
5/14/12 13:27,0.111701701
5/14/12 22:13,0.111701701
5/15/12 13:35,0.111701701
5/15/12 23:55,0.111701701
5/18/12 15:45,0.111701701
5/22/12 15:45,0.111701701
5/22/12 21:28,0.111701701
5/23/12 15:54,0.111701701
5/23/12 23:34,0.041818749
5/24/12 13:34,0.111701701
5/24/12 13:33,0.111701701
5/24/12 23:16,0.097470402
5/25/12 13:14,0.111701701
5/29/12 16:18,0.111701701
5/30/12 15:19,0.041818749
5/30/12 21:26,0.097470402
5/31/12 21:23,0.041818749
6/4/12 19:03,0.111701701
6/5/12 16:22,0.025118538
6/5/12 23:04,0.025118538
6/5/12 23:06,0.041818749
6/6/12 13:48,0.111701701
6/6/12 21:09,0.111701701
6/7/12 16:26,0.025118538
6/7/12 23:23,0.122824579
6/13/12 13:28,0.111701701
6/13/21 21:36,0.025118538
6/13/12 23:48,0.111701701
6/14/12 16:58,0.041818749
6/14/12 23:18,0.111701701
6/15/12 14:46,0.025118538
6/18/12 13:17,0.025118538
6/18/12 21:24,0.025118538
6/19/12 13:24,0.111701701
6/19/12 20:00,0.111701701
6/20/12 13:13,0.097470402
6/21/12 21:04,0
6/21/12 21:42,0
6/25/12 22:01,0.029067159
6/26/12 14:00,0.025118538
6/26/12 21:07,0.025118538
6/27/12 13:08,0.041818749
6/27/12 15:45,0.041818749
6/28/12 21:58,0.041818749
7/2/12 10:44,0.041818749
7/2/12 13:11,0.018786809
7/2/12 18:38,0.025118538
7/2/12 21:39,0.122824579
7/3/12 16:04,0.111701701
7/3/12 21:23,0.122824579
7/5/12 10:10,0.025118538
7/5/12 14:14,0.018786809
7/5/12 14:17,0.111701701
7/5/12 21:26,0.018786809
7/5/12 21:29,0.025118538
7/10/12 10:51,0.029067159
7/11/12 13:46,0.025118538
7/12/12 22:49,0.025118538
7/12/12 15:22,0.018786809
7/12/12 15:30,0.025118538
7/12/12 21:33,0.025118538
7/12/12 21:37,0.027777975
7/16/12 15:20,0.025118538
7/17/12 13:37,0.027777975
7/17/12 17:28,0.025118538
7/17/12 21:03,0.027777975
7/17/12 21:33,0.025118538
7/18/12 13:10,0.018786809
7/18/12 17:07,0.029067159
7/18/12 21:14,0.018786809
7/19/12 13:55,0.025118538
7/19/12 16:41,0.027777975
7/23/12 13:51,0.025118538
7/23/12 18:41,0.025118538
7/24/12 19:00,0.025118538
7/24/12 13:34,0.018786809
7/24/12 15:24,0.025118538
7/24/12 22:21,0.018786809
7/25/12 13:19,0.027777975
7/25/12 13:19,0.072222165
7/25/12 21:00,0.018786809
7/26/12 13:07,0.027777975
7/26/12 18:38,0.097470402
7/26/12 21:00,0.027777975
7/30/12 10:24,0.018786809
7/30/12 16:21,0.025118538
7/30/12 23:54,0.041818749
8/1/12 16:57,0.108033295
8/1/12 21:08,0.108033295
8/1/12 23:14,0.111701701
8/2/12 18:29,0.111701701
8/2/12 23:32,0.111701701
8/3/12 13:55,0.108033295
8/3/12 21:48,0.122824579
8/6/12 13:20,0.122824579
8/6/12 23:11,0.122824579
8/7/12 13:17,0.108033295
8/7/12 13:25,0.111701701
8/7/12 23:07,0.111701701
8/7/12 23:11,0.111701701
8/8/12 13:06,0.108033295
8/9/12 13:13,0.111701701
8/14/12 14:25,0.111701701
8/14/12 14:30,0.025118538
8/14/12 22:06,0.025118538
8/17/12 15:28,0.027777975
8/17/12 15:30,0.025118538
8/17/12 20:40,0.018786809
8/20/12 23:57,0.018786809
8/21/12 15:14,0.018786809
8/21/12 15:18,0.041818749
8/22/12 14:00,0.018786809
8/22/12 13:15,0.025118538
8/22/12 13:15,0.025118538
8/23/12 13:00,0.018786809
8/23/12 13:40,0.072222165
8/23/12 15:36,0.025118538
8/23/12 21:25,0.027777975
8/23/12 21:30,0.025118538
8/24/12 13:55,0.041818749
8/28/12 21:22,0.027777975
8/29/12 13:24,0.027777975
8/29/12 14:00,0.025118538
8/29/12 19:10,0.025118538
8/29/12 21:03,0.041818749
8/30/12 23:25,0.025118538
9/4/12 14:15,0.025118538
9/4/12 16:39,0.025118538
9/4/12 21:54,0.025118538
9/5/12 13:36,0.018786809
9/5/12 13:44,0.025118538
9/11/12 21:41,0.018786809
9/12/12 15:28,0.018786809
9/12/13 21:30,0.108033295
9/13/12 14:42,0.025118538
9/13/12 23:22,0.027777975
9/13/12 23:23,0.018786809
9/14/12 15:35,0
9/17/12 21:19,0.027777975
9/18/12 11:19,0
9/18/12 17:08,0.027777975
9/18/12 16:31,0.025118538
9/18/12 23:24,0.025118538
9/19/12 18:13,0.025118538
9/19/12 18:18,0.018786809
9/20/12 14:22,0.027777975
9/24/12 15:21,0.018786809
9/24/12 21:20,0.025118538
9/26/12 13:11,0.108033295
9/26/12 23:25,0.108033295
10/2/12 14:25,0.111701701
10/2/12 18:48,0.041818749
10/2/12 23:21,0.111701701
10/3/12 19:35,0.111701701
10/3/12 23:58,0.041818749
10/9/12 13:47,0.025118538
10/9/12 21:05,0.111701701
10/10/12 13:17,0.122824579
10/11/12 13:02,0.07864834
10/11/12 23:02,0.027777975
10/12/12 13:15,0.027777975
10/12/12 19:39,0.111701701
10/17/12 15:30,0.041818749
10/17/12 17:03,0.041818749
10/17/12 22:08,0.041818749
10/18/12 13:19,0.041818749
10/18/12 14:48,0.041818749
10/22/12 15:58,0.041818749
10/22/12 23:25,0.025118538
10/23/12 13:42,0.027777975
10/25/12 13:13,0.027777975
10/29/12 20:09,0.041818749
10/29/12 23:14,0.025118538
10/30/12 15:25,0.018786809
10/30/12 12:27,0.041818749
10/30/12 15:35,0.025118538
10/30/12 20:45,0.025118538
10/30/12 23:30,0.025118538
10/31/12 23:21,0.018786809
11/1/12 17:51,0.018786809
11/1/12 23:19,0.018786809
11/5/12 15:23,0.025118538
11/5/12 19:31,0.025118538
11/5/12 23:27,0.018786809
11/6/12 15:19,0.041818749
11/6/12 16:30,0.041818749
11/6/12 23:22,0.041818749
11/7/12 10:51,0.041818749
11/8/12 23:03,0.025118538
11/12/12 18:38,0.025118538
11/13/12 13:17,0.027777975
11/13/12 15:32,0.018786809
11/13/12 23:23,0.025118538
11/14/12 10:26,0.025118538
11/14/12 14:02,0.025118538
11/14/12 19:59,0.027777975
11/14/12 23:23,0.025118538
11/15/12 15:37,0.025118538
11/19/12 19:24,0.041818749
11/20/12 10:00,0.041818749
11/20/12 13:40,0.025118538
11/20/12 16:35,0.018786809
11/20/12 18:47,0.025118538
11/20/12 23:27,0.041818749
11/26/12 16:24,0.041818749
11/26/12 23:26,0.041818749
11/27/12 15:20,0.025118538
11/27/12 16:01,0.018786809
11/27/12 23:10,0.018786809
11/27/12 23:21,0.025118538
11/28/12 18:22,0.041818749
11/28/12 23:25,0.025118538
11/28/12 18:22,0.041818749
11/29/12 10:11,0.072222165
11/29/12 13:01,0.018786809
11/29/12 13:11,0.025118538
11/29/12 22:58,0.041818749
11/30/12 10:16,0.025118538
12/4/12 10:36,0.122824579
12/4/12 15:44,0.027777975
12/5/12 15:25,0.025118538
12/5/12 18:02,0.025118538
12/5/12 23:27,0.025118538
12/6/12 15:27,0.025118538
12/6/12 23:20,0.025118538
12/11/12 10:20,0.041818749
12/11/12 15:37,0.041818749
12/11/12 19:55,0.029067159
12/12/12 23:10,0.072222165
12/17/12 15:24,0.025118538
12/17/12 23:36,0.041818749
12/18/12 15:15,0.027777975
12/18/12 15:39,0.029067159
12/18/12 22:13,0.029067159
12/18/12 23:57,0.029067159
12/19/12 15:20,0.029067159
12/19/12 23:26,0.041818749
12/26/12 15:35,0.041818749
12/26/12 18:42,0.027777975
12/26/12 22:17,0.018786809
12/27/12 14:16,0.027777975
12/27/12 16:48,0.025118538
12/27/12 21:09,0.025118538
12/28/12 13:35,0.029067159
1/2/13 17:06,0.097470402
1/3/13 14:33,0
1/3/13 15:24,0.041818749
1/3/13 23:38,0.018786809
1/4/13 16:21,0.018786809
1/7/13 15:26,0.041818749
1/7/13 23:26,0.041818749
1/8/13 11:06,0.029067159
1/8/13 15:20,0.029067159
1/8/13 15:24,0.029067159
1/9/13 22:00,0.018786809
1/8/13 19:37,0.041818749
1/8/13 23:26,0.041818749
1/9/13 15:12,0.025118538
1/10/13 18:00,0
1/10/13 20:43,0.041818749
1/11/13 12:09,0
1/11/13 15:05,0.041818749
1/15/13 10:14,0.072222165
1/15/13 15:12,0.025118538
1/15/13 16:03,0.029067159
1/15/13 23:12,0.018786809
1/16/13 11:23,0.041818749
1/16/13 15:31,0.018786809
1/16/13 15:23,0.025118538
1/16/13 23:14,0.018786809
1/16/13 23:21,0.041818749
1/17/13 15:26,0.018786809
1/17/13 18:01,0.018786809
1/17/13 10:51,0.072222165
1/23/13 23:31,0
1/24/13 15:20,0.029067159
1/24/13 18:11,0.025118538
1/24/13 22:57,0.025118538
1/24/13 23:17,0.041818749
1/25/13 15:33,0.027777975
1/25/13 15:21,0.041818749
1/15/13 15:12,0.025118538
1/28/13 18:04,0.041818749
1/28/13 23:17,0.041818749
1/29/13 15:13,0.018786809
1/29/13 15:16,0.041818749
1/29/13 19:57,0
1/30/13 13:02,0.029067159
1/30/13 15:16,0.025118538
2/5/13 23:02,0.041818749
2/6/13 16:09,0.025118538
2/6/13 19:17,0.029067159
2/6/13 23:24,0.041818749
2/7/13 15:42,0.029067159
2/7/13 16:31,0.041818749
2/7/13 23:21,0.041818749
2/8/13 13:00,0.027777975
2/11/13 13:51,0.041818749
2/11/13 16:28,0.027777975
2/12/13 11:05,0.097470402
2/12/13 15:18,0.097470402
2/12/13 15:28,0.111701701
2/13/13 14:22,0.111701701
2/13/13 16:20,0.097470402
2/13/13 23:16,0.097470402
2/14/13 12:17,0.111701701
2/14/13 15:00,0.108033295
2/14/13 20:24,0.041818749
2/19/13 13:49,0.122824579
2/19/13 15:29,0.097470402
2/19/13 19:03,0
2/19/13 23:24,0.111701701
2/20/13 15:05,0.029067159
2/25/13 15:26,0.097470402
2/25/13 18:04,0.041818749
2/26/13 23:26,0.097470402
2/26/13 16:27,0.097470402
2/26/13 23:11,0.018786809
2/28/13 13:54,0.067960961
2/28/13 23:05,0.067960961
3/4/13 15:35,0.072222165
3/4/13 23:20,0.097470402
3/5/13 18:20,0.122824579
3/5/13 21:51,0.097470402
3/6/13 10:55,0.111701701
3/6/13 15:25,0.025118538
3/7/13 16:18,0.086286393
3/7/13 18:17,0
3/11/13 13:25,0.097470402
3/11/12 23:28,0.111701701
3/12/13 13:11,0.07864834
3/13/13 18:43,0.108033295
3/14/13 15:05,0.111701701
3/14/13 23:08,0.108033295
3/18/13 15:24,0.111701701
3/18/13 23:26,0.111701701
3/19/13 15:22,0.108033295
3/19/13 17:30,0.097470402
3/20/13 15:08,0.067960961
3/20/13 15:27,0.111701701
3/20/13 18:21,0.111701701
3/20/13 23:15,0.07864834
3/20/13 23:33,0.097470402
3/22/13 13:07,0.122824579
3/25/13 14:30,0.041818749
3/26/13 15:52,0.097470402
3/26/13 23:02,0.097470402
3/27/13 13:08,0.097470402
4/1/13 13:36,0.072222165
4/1/13 22:03,0.07864834
4/3/13 15:24,0.041818749
4/3/13 15:24,0.041818749
4/3/13 22:14,0.097470402
4/3/13 22:19,0.111701701
4/4/13 16:27,0
4/4/13 23:53,0.018786809
4/4/13 22:35,0.029067159
4/8/13 16:48,0.111701701
4/8/13 21:42,0.097470402
4/9/13 13:00,0.041818749
4/9/13 23:22,0.025118538
4/10/13 15:28,0.025118538
4/11/13 15:23,0.027777975
4/11/13 23:18,0.018786809
4/13/13 16:05,0.07864834
4/13/13 23:03,0
4/15/13 15:32,0.111701701
4/15/13 23:21,0.025118538
4/16/13 15:30,0.041818749
4/16/13 23:19,0.029067159
4/17/13 19:00,0
4/17/13 15:21,0.111701701
4/17/13 15:28,0.029067159
4/17/13 17:17,0.072222165
4/17/13 23:04,0.025118538
4/17/13 23:19,0.041818749
4/18/13 15:21,0.108033295
4/18/13 23:06,0.027777975
4/22/13 14:13,0.041818749
4/22/13 18:08,0.041818749
4/22/13 20:20,0.097470402
4/22/13 23:24,0.041818749
4/22/13 23:28,0.041818749
4/23/13 15:30,0.041818749
4/24/13 10:51,0.029067159
4/24/01 15:24,0.029067159
4/24/13 20:57,0
4/24/13 23:23,0.041818749
4/25/13 11:00,0.025118538
4/25/13 15:02,0.018786809
4/25/13 16:48,0.041818749
4/25/13 23:22,0.025118538
4/25/13 23:18,0.072222165
4/26/13 15:06,0.027777975
4/27/13 15:00,0.027777975
4/29/13 15:24,0.025118538
4/29/13 18:06,0.027777975
4/29/13 21:25,0.097470402
4/29/13 23:27,0.108033295
4/30/13 15:22,0.111701701
4/30/13 16:06,0.018786809
4/30/13 17:31,0
4/30/13 23:21,0.111701701
5/7/13 16:04,0
5/8/13 15:16,0.07864834
5/8/13 15:29,0.111701701
5/8/13 22:01,0.111701701
5/9/13 14:38,0.111701701
5/9/13 14:48,0.025118538
5/9/13 23:01,0.108033295
5/9/13 22:11,0.025118538
5/10/13 15:22,0
5/10/13 15:31,0.025118538
5/10/13 10:46,0.111701701
5/10/13 22:21,0.041818749
5/11/13 15:13,0.027777975
5/11/13 23:03,0.027777975
5/13/13 22:31,0.029067159
5/14/13 10:30,0
5/14/13 15:11,0.018786809
5/14/13 15:30,0.025118538
5/14/13 23:11,0.108033295
5/15/13 16:16,0.041818749
5/15/13 19:12,0.041818749
5/15/13 23:20,0.025118538
5/16/13 15:28,0.041818749
5/16/13 17:00,0.029067159
5/16/13 19:16,0.029067159
5/16/13 22:49,0.041818749
5/17/13 15:23,0.041818749
5/17/13 23:14,0.025118538
5/17/13 20:53,0.018786809
5/17/13 23:11,0.027777975
5/18/13 15:11,0.027777975
5/18/13 23:13,0.027777975
5/20/13 13:31,0.041818749
5/20/13 18:42,0.041818749
5/20/13 23:28,0.041818749
5/21/13 15:57,0.029067159
5/21/13 17:08,0.029067159
5/21/13 23:25,0.041818749
5/22/13 13:10,0
5/22/13 15:22,0.041818749
5/22/13 16:55,0
5/22/13 22:19,0.041818749
5/22/13 23:34,0.018786809
5/23/13 11:15,0.025118538
5/23/13 15:36,0.018786809
5/23/13 15:23,0.041818749
5/23/13 23:26,0.027777975
5/24/13 15:08,0.027777975
5/29/13 15:24,0.041818749
5/29/13 23:17,0.041818749
5/30/13 10:16,0
5/30/13 10:56,0.122824579
5/30/13 13:00,0.041818749
5/30/13 15:05,0.018786809
5/30/13 15:30,0.025118538
5/30/13 19:17,0.041818749
5/30/13 19:47,0.072222165
5/30/13 23:06,0.041818749
5/30/13 23:23,0.097470402
5/31/13 15:20,0.027777975
5/31/13 15:36,0.025118538
6/3/13 17:07,0
6/3/13 19:30,0.041818749
6/4/13 13:12,0.029067159
6/4/13 13:40,0.072222165
6/4/13 18:22,0.025118538
6/4/13 15:24,0.041818749
6/4/13 23:26,0.041818749
6/4/13 23:29,0.041818749
6/5/13 16:34,0.018786809
6/5/13 16:41,0.041818749
6/6/13 15:11,0.041818749
6/6/13 16:50,0.029067159
6/6/13 23:20,0.041818749
6/7/13 15:30,0.072222165
6/10/13 13:00,0.029067159
6/13/13 11:15,0.041818749
6/13/13 15:30,0.041818749
6/13/13 16:39,0.027777975
6/13/13 20:43,0.041818749
6/13/13 23:22,0.041818749
6/14/13 15:10,0.041818749
6/14/13 16:47,0.072222165
6/18/13 18:51,0.041818749
6/18/13 23:19,0.025118538
6/19/13 13:30,0.041818749
6/19/13 23:17,0.041818749
6/20/13 15:05,0.025118538
6/20/13 23:20,0.041818749
6/24/13 15:22,0.025118538
6/24/13 22:46,0.041818749
6/26/13 15:19,0.025118538
6/26/13 23:30,0.041818749
6/27/13 19:51,0.041818749
6/27/13 14:26,0
6/27/13 21:07,0.025118538
6/27/13 23:20,0.041818749
6/27/13 23:51,0.029067159
6/28/13 15:21,0.025118538
6/28/13 15:34,0.027777975
6/29/13 10:23,0.041818749
6/29/13 15:52,0.018786809
6/30/13 16:13,0
7/1/13 14:24,0.025118538
7/2/13 15:09,0.041818749
7/2/13 19:38,0.072222165
7/2/13 19:42,0.027777975
7/2/13 23:27,0.108033295
7/2/13 23:29,0.025118538
7/3/13 15:24,0.108033295
7/3/13 15:27,0.018786809
7/3/13 17:44,0.097470402
7/3/13 22:37,0.027777975
7/3/13 23:03,0.111701701
7/5/13 15:20,0.108033295
7/5/13 15:29,0.111701701
7/9/13 15:34,0.111701701
7/10/13 23:15,0.025118538
7/10/13 13:31,0.025118538
7/10/13 15:23,0.018786809
7/10/13 22:36,0.122824579
7/11/13 15:25,0.108033295
7/11/13 21:32,0.108033295
7/12/13 15:24,0.122824579
7/12/13 19:40,0.122824579
7/13/13 15:02,0.122824579
7/13/13 18:46,0.025118538
7/13/13 23:16,0.018786809
7/14/13 15:09,0.122824579
7/14/13 23:56,0.122824579
7/16/13 15:14,0.025118538
7/16/13 16:25,0.018786809
7/16/13 23:28,0.025118538
7/17/13 12:22,0.018786809
7/17/13 16:55,0.018786809
7/17/13 15:23,0.029067159
7/17/13 23:24,0.025118538
7/18/13 22:00,0.122824579
7/19/13 12:00,0.097470402
7/22/13 15:32,0.041818749
7/22/13 23:20,0.025118538
7/23/13 15:26,0.025118538
7/23/13 23:24,0.025118538
7/24/13 11:17,0.018786809
7/24/13 15:22,0.018786809
7/24/13 15:33,0.025118538
7/25/13 14:47,0.111701701
7/25/13 23:18,0.108033295
7/25/13 23:39,0.041818749
7/26/13 15:00,0.027777975
7/26/13 23:03,0.027777975
7/27/13 14:11,0.027777975
7/27/13 23:45,0.018786809
7/28/13 14:18,0.041818749
7/28/13 23:17,0.025118538
7/29/13 23:17,0.025118538
7/30/13 23:23,0.025118538
7/31/13 15:20,0.027777975
7/31/13 15:38,0.041818749
8/1/13 10:31,0.122824579
8/1/13 14:59,0.122824579
8/1/13 16:45,0.018786809
8/2/13 12:21,0.027777975
8/2/13 15:11,0.018786809
8/2/13 23:09,0
8/3/13 15:16,0.027777975
8/3/13 15:17,0.025118538
8/3/13 17:58,0.025118538
8/3/13 23:07,0.025118538
8/4/13 11:03,0.025118538
8/4/13 13:39,0.122824579
8/4/13 23:04,0.027777975
8/7/13 12:33,0.018786809
8/7/13 15:24,0.025118538
8/7/13 23:23,0.025118538
8/8/13 16:29,0.041818749
8/9/13 13:42,0.025118538
8/9/13 18:59,0.041818749
8/11/13 10:24,0.018786809
8/11/13 15:33,0.018786809
8/12/13 19:20,0.025118538
8/12/13 23:33,0.018786809
8/14/13 11:28,0.025118538
8/14/13 11:28,0.025118538
8/14/13 15:26,0.025118538
8/14/13 23:33,0.111701701
8/15/13 15:07,0.025118538
8/15/13 17:06,0.018786809
8/15/13 23:48,0.018786809
8/16/13 11:59,0.027777975
8/16/13 15:08,0.027777975
8/16/13 23:07,0.027777975
8/17/13 23:07,0.027777975
8/18/13 17:09,0.025118538
8/18/13 17:16,0.025118538
8/18/13 23:15,0.025118538
8/19/13 11:12,0.025118538
8/19/13 15:11,0.027777975
8/19/13 20:01,0.018786809
8/19/13 15:22,0.041818749
8/20/13 15:32,0.027777975
8/20/13 20:37,0.025118538
8/20/13 23:23,0.025118538
8/21/13 18:00,0.122824579
8/22/13 15:23,0.027777975
8/22/13 23:15,0.122824579
8/23/13 15:29,0.018786809
8/23/13 20:23,0.122824579
8/24/13 16:11,0.025118538
8/24/13 23:00,0.025118538
8/25/13 11:28,0.018786809
8/26/13 11:00,0.025118538
8/26/13 16:16,0.027777975
8/26/13 22:18,0.122824579
8/27/13 15:25,0.027777975
8/27/13 19:05,0.025118538
8/27/13 23:25,0.018786809
8/28/13 23:32,0.108033295
8/28/13 10:25,0.025118538
8/28/13 15:50,0.041818749
8/28/13 23:26,0.025118538
8/29/13 10:54,0.018786809
8/29/13 13:45,0
8/29/13 13:50,0.018786809
8/29/13 23:00,0
8/30/13 15:02,0.027777975
8/30/13 17:28,0.029067159
9/3/13 15:22,0.027777975
9/3/13 23:10,0
9/4/13 15:33,0.027777975
9/4/13 15:34,0.025118538
9/4/13 23:26,0.025118538
9/4/13 23:38,0
9/5/13 21:47,0
9/6/13 12:56,0.027777975
9/6/13 15:15,0
9/6/13 22:58,0.018786809
9/6/13 23:53,0
9/7/13 15:09,0.025118538
9/7/13 15:09,0
9/7/13 20:40,0.025118538
9/7/13 23:31,0.025118538
9/8/13 10:57,0.025118538
9/8/13 15:00,0.025118538
9/13/13 12:29,0.025118538
9/13/13 15:17,0.025118538
9/17/13 15:28,0.025118538
9/17/13 23:19,0.018786809
9/18/13 14:56,0.025118538
9/18/13 23:27,0.025118538
9/19/13 15:21,0.025118538
9/19/13 23:56,0.025118538
9/24/13 14:53,0.025118538
9/24/13 19:01,0
9/24/13 23:26,0
9/24/13 23:42,0.025118538
9/25/13 15:35,0
9/25/13 15:36,0.111701701
9/25/13 22:54,0.025118538
9/25/13 19:03,0.025118538
9/29/13 16:52,0
9/30/13 16:14,0.025118538
9/30/13 23:22,0.025118538
10/1/13 15:32,0.018786809
10/1/13 18:46,0.025118538
10/1/13 23:22,0.018786809
10/7/13 10:03,0
10/7/13 16:11,0
10/7/13 21:10,0.025118538
10/9/13 13:53,0
10/9/13 23:11,0.027777975
10/9/13 18:14,0.041818749
10/9/13 23:21,0
10/10/13 10:52,0.025118538
10/10/13 15:23,0.041818749
10/10/13 15:27,0
10/10/13 23:23,0.027777975
10/11/13 10:00,0.025118538
10/16/13 13:48,0
10/16/13 15:08,0
10/17/13 22:02,0
10/18/13 18:44,0.027777975
10/20/13 23:58,0
10/21/13 15:14,0.018786809
10/22/13 14:41,0.041818749
10/22/13 23:27,0.025118538
10/23/13 10:10,0.041818749
10/23/13 15:34,0.025118538
10/23/13 23:32,0.025118538
10/24/13 10:52,0.027777975
10/24/13 15:17,0.027777975
10/24/13 20:26,0
10/24/13 23:06,0
10/24/13 23:30,0.018786809
10/25/13 12:46,0
10/25/13 15:26,0.041818749
10/25/13 23:28,0.018786809
10/26/13 10:55,0
10/27/13 15:13,0
10/26/13 18:40,0.025118538
10/27/13 15:00,0.025118538
10/27/13 15:16,0.025118538
10/27/13 17:53,0.025118538
10/27/13 23:18,0
10/27/13 23:30,0.018786809
10/28/13 12:13,0.025118538
10/28/13 15:32,0.025118538
10/28/13 23:29,0.025118538
10/29/13 15:29,0.025118538
10/29/13 23:27,0.025118538
11/1/13 10:00,0
11/2/13 13:35,0.027777975
11/2/13 13:40,0.025118538
11/2/13 23:30,0.018786809
11/4/13 11:43,0.018786809
11/4/13 15:38,0.027777975
11/5/13 14:26,0.025118538
11/5/13 23:34,0.025118538
11/6/13 14:40,0.018786809
11/8/13 16:06,0.018786809
11/8/13 16:25,0.018786809
11/8/13 22:44,0
11/8/13 23:35,0.025118538
11/9/13 18:34,0.041818749
11/9/13 23:44,0.041818749
11/10/13 15:23,0
11/11/13 22:16,0.025118538
11/12/13 15:19,0.018786809
11/12/13 23:41,0.018786809
11/13/13 15:28,0.025118538
11/13/13 22:07,0.025118538
11/14/13 15:34,0.018786809
11/14/13 21:42,0.025118538
11/15/13 20:23,0
11/18/13 17:48,0.041818749
11/18/13 23:08,0.018786809
11/19/13 15:34,0.018786809
11/19/13 19:41,0.025118538
11/19/13 23:31,0.025118538
11/20/13 15:24,0.018786809
11/21/13 18:00,0.041818749
11/21/13 23:08,0
11/21/13 10:12,0.025118538
11/21/13 15:27,0.018786809
11/21/13 15:41,0.018786809
11/21/13 23:08,0
11/22/13 14:58,0
11/22/13 23:07,0.018786809
11/23/13 13:55,0.018786809
11/23/13 21:16,0.027777975
11/23/13 23:12,0.025118538
11/24/13 13:40,0.025118538
11/24/13 23:19,0.025118538
11/27/13 14:44,0.025118538
11/27/13 21:11,0.025118538
12/2/13 15:27,0.025118538
12/2/13 22:52,0.029067159
12/3/13 15:30,0.025118538
12/3/13 23:27,0.025118538
12/4/13 11:28,0.025118538
12/4/13 15:27,0.018786809
12/4/13 19:33,0.018786809
12/4/13 23:21,0.018786809
12/6/13 20:11,0.025118538
12/6/13 23:26,0.018786809
12/7/13 13:35,0
12/8/13 17:13,0
12/8/13 23:06,0
12/9/13 12:04,0
12/9/13 14:57,0
12/9/13 15:02,0.025118538
12/9/13 23:24,0.018786809
12/10/13 23:33,0
12/11/13 20:59,0.025118538
12/11/13 23:49,0.018786809
12/12/13 15:05,0.018786809
12/12/13 23:31,0.111701701
12/13/13 15:07,0.108033295
12/13/13 15:00,0.018786809
12/15/13 13:19,0.018786809
12/15/13 14:56,0.027777975
12/15/13 16:26,0.018786809
12/15/13 23:22,0.108033295
12/16/13 17:35,0.067960961
12/16/13 21:35,0.122824579
12/17/13 15:34,0.067960961
12/18/13 18:13,0.041818749
12/18/13 23:30,0.122824579
12/19/13 15:27,0.027777975
12/20/13 15:22,0.122824579
12/20/13 19:28,0.018786809
12/20/13 23:46,0.122824579
12/23/13 15:28,0.018786809
12/23/13 23:23,0.027777975
12/30/13 14:43,0.122824579
12/30/13 18:36,0.122824579
1/1/14 23:36,0.027777975
1/2/14 15:29,0.108033295
1/3/14 19:36,0
1/3/14 23:14,0
1/4/14 23:17,0.108033295
1/6/14 10:45,0.018786809
1/6/14 15:27,0.018786809
1/6/14 13:24,0
1/6/14 21:31,0
1/8/14 19:27,0.108033295
1/8/14 22:27,0.018786809
1/9/14 15:17,0
1/9/14 23:31,0.018786809
1/10/14 12:07,0.086286393
1/10/14 15:13,0.067960961
1/13/14 15:24,0.018786809
1/13/14 23:53,0.018786809
1/14/14 21:43,0.018786809
1/15/14 15:08,0.018786809
1/16/14 15:16,0.018786809
1/16/14 18:48,0.018786809
1/19/14 15:22,0.025118538
1/19/14 20:49,0.086286393
1/20/14 23:18,0.027777975
1/20/14 23:30,0.086286393
1/22/14 15:18,0
1/22/14 21:20,0
1/23/14 14:58,0.025118538
1/23/14 20:35,0.122824579
1/23/14 23:38,0.018786809
1/24/14 14:49,0.018786809
1/24/14 23:22,0.018786809
1/25/14 11:49,0.018786809
1/25/14 15:13,0.018786809
1/25/14 20:13,0.025118538
1/25/14 23:17,0
1/26/14 17:11,0
1/26/14 23:22,0
1/26/14 23:41,0.027777975
1/27/14 15:08,0
1/27/14 23:22,0.018786809
1/28/14 12:15,0
1/28/14 15:02,0
1/28/14 15:14,0.018786809
1/28/14 17:21,0
1/28/14 23:47,0
1/29/14 15:32,0.018786809
1/29/14 21:58,0.018786809
1/30/14 15:21,0.122824579
1/30/14 21:19,0.111701701
1/31/14 15:30,0.018786809
2/6/14 17:40,0.025118538
2/7/14 14:52,0.025118538
2/7/14 21:50,0
2/10/14 14:27,0.027777975
2/10/14 14:28,0.111701701
2/10/14 19:01,0.018786809
2/10/14 23:13,0.025118538
2/11/14 11:05,0.086286393
2/11/14 13:45,0.067960961
2/11/14 17:38,0.025118538
2/11/14 23:12,0
2/11/14 23:22,0.018786809
2/12/14 14:08,0.067960961
2/12/14 23:10,0.067960961
2/14/14 15:17,0.122824579
2/15/14 12:31,0.027777975
2/16/14 23:34,0.108033295
2/18/14 15:48,0.018786809
2/20/14 16:00,0.025118538
2/20/14 14:02,0.122824579
2/20/14 23:31,0.018786809
2/22/14 12:07,0.027777975
2/22/14 15:16,0.027777975
2/22/14 23:00,0.027777975
2/24/14 15:21,0.108033295
2/24/14 22:32,0.027777975
2/24/14 23:52,0.018786809
2/25/14 22:30,0.018786809
2/27/14 13:35,0.111701701
2/27/14 23:58,0.041818749
3/1/14 19:02,0.041818749
3/1/14 23:01,0.018786809
3/3/14 14:48,0.122824579
3/4/14 15:11,0.027777975
3/4/14 23:21,0.027777975
3/5/14 10:21,0.025118538
3/5/14 15:30,0.025118538
3/5/14 23:28,0.025118538
3/6/14 22:46,0.025118538
3/7/14 15:02,0.025118538
3/10/14 16:27,0.025118538
3/10/14 16:33,0.108033295
3/10/14 23:19,0.018786809
3/10/14 23:36,0.108033295
3/12/14 15:05,0.018786809
3/12/14 15:06,0.027777975
3/12/14 21:45,0.122824579
3/12/14 23:29,0.122824579
3/13/14 20:00,0.025118538
3/17/14 12:31,0.025118538
3/17/14 15:10,0.122824579
3/17/14 18:57,0.108033295
3/17/14 23:33,0.122824579
3/17/14 23:08,0.018786809
3/18/14 13:09,0.086286393
3/18/14 15:14,0.086286393
3/19/14 19:00,0
3/19/14 16:07,0.025118538
3/19/14 23:31,0.025118538
3/20/14 15:27,0.018786809
3/20/14 20:53,0.108033295
3/20/14 23:05,0.086286393
3/20/14 23:31,0.025118538
3/21/14 13:28,0.108033295
3/24/14 22:21,0.041818749
3/25/14 20:29,0.122824579
3/25/14 23:41,0.027777975
3/26/14 15:25,0.018786809
3/27/14 15:09,0.025118538
3/27/14 23:26,0.018786809
3/27/14 23:28,0.018786809
3/28/14 15:10,0.027777975
3/28/14 17:15,0.018786809
3/28/14 21:42,0.111701701
3/31/14 14:47,0.041818749
4/1/14 13:51,0.025118538
4/1/14 15:26,0
4/1/14 23:23,0.018786809
4/2/14 13:37,0
4/4/14 14:35,0
4/7/14 16:44,0.041818749
4/7/14 19:25,0
4/7/14 23:21,0.018786809
4/7/14 23:28,0.111701701
4/8/14 12:56,0.041818749
4/8/14 14:43,0.025118538
4/8/14 22:01,0.025118538
4/9/14 15:26,0.025118538
4/9/14 17:42,0.041818749
4/9/14 23:27,0.041818749
4/10/14 15:35,0.018786809
4/10/14 23:28,0.025118538
4/11/14 16:24,0.025118538
4/11/14 23:08,0.025118538
4/12/14 14:08,0.025118538
4/12/14 23:04,0.018786809
4/13/14 13:23,0.018786809
4/14/14 15:23,0.041818749
4/15/14 17:19,0.025118538
4/15/14 23:21,0.041818749
4/16/14 15:04,0.025118538
4/16/14 16:39,0.018786809
4/17/14 15:22,0.018786809
4/17/14 15:23,0.025118538
4/21/14 20:00,0.025118538
4/21/14 13:06,0
4/21/14 14:47,0.027777975
4/21/14 15:09,0.018786809
4/22/14 10:23,0.025118538
4/22/14 14:56,0.025118538
4/22/14 17:45,0.025118538
4/22/14 23:27,0.025118538
4/29/14 15:51,0.041818749
4/29/14 23:30,0.018786809
4/30/14 15:24,0.018786809
5/1/14 23:33,0.025118538
5/1/14 15:30,0.025118538
5/1/14 18:00,0
5/1/14 19:31,0.018786809
5/1/14 21:36,0.025118538
5/1/14 19:09,0.025118538
5/1/14 23:21,0.025118538
5/1/14 23:24,0.018786809
5/2/14 14:56,0.018786809
5/5/14 16:00,0.027777975
5/5/14 15:47,0.025118538
5/8/14 15:31,0.025118538
5/13/14 14:17,0.018786809
5/13/14 15:02,0.025118538
5/14/14 10:31,0.025118538
5/14/14 15:01,0.041818749
5/14/14 23:02,0.041818749
5/15/14 15:53,0.025118538
5/19/14 15:47,0.018786809
5/20/14 16:19,0.025118538
5/20/14 23:17,0.025118538
5/22/14 15:31,0.025118538
5/22/14 23:29,0.018786809
5/27/14 10:26,0.018786809
5/27/14 15:33,0.041818749
5/27/14 15:36,0.025118538
5/27/14 19:07,0.041818749
5/27/14 23:29,0.018786809
5/28/14 14:21,0.025118538
5/28/14 23:21,0.018786809
5/29/14 17:28,0.018786809
5/29/14 19:56,0.025118538
5/29/14 23:27,0.018786809
6/2/14 23:12,0.025118538
6/3/14 10:20,0.025118538
6/3/14 15:27,0.018786809
6/5/14 16:00,0.025118538
6/5/14 15:18,0.018786809
6/5/14 22:31,0.025118538
6/9/14 16:02,0.025118538
6/9/14 23:06,0.041818749
6/10/14 15:28,0.018786809
6/10/14 16:02,0.025118538
6/12/14 15:19,0.041818749
6/12/14 15:54,0.025118538
6/12/14 23:06,0.025118538
6/12/14 18:19,0.018786809
6/12/14 23:31,0.025118538
6/13/14 15:40,0.025118538
6/13/14 16:55,0.025118538
6/16/14 15:36,0.018786809
6/17/14 12:03,0.097470402
6/17/14 23:23,0.018786809
6/17/14 15:49,0.025118538
6/20/14 15:53,0.025118538
6/20/14 21:25,0.041818749
6/23/14 15:23,0.018786809
6/23/14 21:45,0.018786809
6/24/14 21:00,0.025118538
6/24/14 21:29,0.025118538
6/25/14 14:35,0.029067159
6/25/14 23:25,0.029067159
6/26/14 12:22,0.025118538
6/26/14 14:54,0.025118538
6/30/14 13:08,0.029067159
6/30/14 15:25,0.025118538
6/30/14 18:13,0.025118538
6/30/14 23:17,0.029067159
6/30/14 23:40,0.025118538
7/1/14 12:22,0.025118538
7/1/14 15:24,0.018786809
7/1/14 15:30,0.041818749
7/1/14 23:35,0.018786809
7/2/14 11:00,0.029067159
7/2/14 20:19,0.025118538
7/2/14 23:01,0.029067159
7/3/14 11:10,0
7/3/14 15:13,0.029067159
7/3/14 20:12,0.025118538
7/6/14 23:01,0.041818749
7/7/14 16:49,0.025118538
7/7/14 20:44,0.018786809
7/7/14 23:02,0.029067159
7/7/14 23:06,0.025118538
7/8/14 15:36,0.018786809
7/8/14 23:29,0.025118538
7/8/14 23:37,0.029067159
7/9/14 19:34,0.029067159
7/11/14 15:11,0.025118538
7/11/14 17:42,0.025118538
7/11/14 21:33,0.041818749
7/13/14 15:11,0.041818749
7/13/14 18:39,0.025118538
7/13/14 23:00,0.029067159
7/13/14 23:29,0.025118538
7/14/14 15:53,0.041818749
7/14/14 23:53,0.025118538
7/15/14 15:52,0.041818749
7/16/14 12:11,0.029067159
7/16/14 10:44,0.025118538
7/16/14 15:10,0.041818749
7/16/14 15:19,0.025118538
7/16/14 18:16,0.025118538
7/16/14 23:52,0.029067159
7/17/14 14:54,0.029067159
7/17/14 23:08,0.029067159
7/18/14 15:00,0.025118538
7/18/14 16:05,0.025118538
7/21/14 14:19,0.041818749
7/21/14 23:30,0.025118538
7/23/14 18:50,0.041818749
7/23/14 23:00,0.041818749
7/24/14 10:45,0.041818749
7/24/14 15:12,0.029067159
7/24/14 15:21,0.025118538
7/24/14 21:18,0.072222165
7/25/14 15:00,0.072222165
7/25/14 23:22,0.072222165
7/27/14 12:19,0.097470402
7/29/14 10:31,0.097470402
7/29/14 15:12,0.07864834
7/29/14 15:24,0.122824579
7/29/14 23:09,0.122824579
7/31/14 15:09,0.097470402
8/4/14 22:48,0.041818749
8/5/14 10:38,0.07864834
8/5/14 14:59,0.07864834
8/5/14 23:36,0.07864834
8/6/14 13:47,0.041818749
8/6/14 19:57,0.122824579
8/6/14 23:21,0.122824579
8/11/14 10:51,0.122824579
8/11/14 15:27,0.122824579
8/12/14 14:57,0.097470402
8/13/14 15:26,0.07864834
8/14/14 14:02,0.097470402
8/14/14 23:28,0.122824579
8/15/14 19:18,0.111701701
8/18/14 14:35,0.097470402
8/18/14 23:24,0.029067159
8/19/14 15:32,0.097470402
8/19/14 22:37,0.097470402
8/19/14 22:18,0.111701701
8/21/14 15:11,0.111701701
8/21/14 17:06,0.07864834
8/21/14 23:54,0.111701701
8/22/14 20:00,0.07864834
8/22/14 12:25,0.122824579
8/22/14 13:21,0.122824579
8/24/14 23:56,0.108033295
8/26/14 15:14,0.111701701
8/27/14 11:28,0.122824579
8/27/14 16:09,0.122824579
8/27/14 21:25,0.111701701
8/28/14 17:41,0.111701701
8/28/14 21:45,0.07864834
8/29/14 15:12,0.111701701
9/2/14 13:07,0.097470402
9/2/14 15:36,0.097470402
9/2/14 23:08,0.07864834
9/3/14 15:15,0.108033295
9/3/14 17:26,0.111701701
9/3/14 23:13,0.07864834
9/3/14 23:30,0.122824579
9/4/14 15:01,0.07864834
9/5/14 13:33,0.07864834
9/5/14 13:47,0.122824579
9/8/14 14:44,0.108033295
9/8/14 23:34,0.122824579
9/9/14 23:10,0.041818749
9/10/14 11:07,0.025118538
9/10/14 14:13,0.018786809
9/10/14 16:10,0.07864834
9/11/14 14:28,0.07864834
9/11/14 14:35,0.111701701
9/15/14 14:53,0.07864834
9/15/14 23:15,0.025118538
9/15/14 23:20,0.029067159
9/16/14 13:23,0.122824579
9/17/14 10:17,0.025118538
9/17/14 12:25,0.025118538
9/17/14 16:22,0.025118538
9/17/14 23:35,0.122824579
9/18/14 23:53,0.097470402
9/22/14 15:06,0.122824579
9/22/14 23:34,0.122824579
9/23/14 19:33,0.111701701
9/23/14 22:33,0.111701701
9/24/14 15:31,0.122824579
9/24/14 15:32,0.07864834
9/24/14 17:40,0.097470402
9/25/14 11:48,0.07864834
9/25/14 15:19,0.097470402
9/25/14 15:34,0.122824579
9/29/14 15:08,0.111701701
9/29/14 20:09,0.111701701
9/30/14 12:53,0.041818749
9/30/14 14:44,0.07864834
9/30/14 14:52,0.122824579
9/30/14 23:24,0.122824579
10/1/14 12:43,0.097470402
10/1/14 16:50,0.097470402
10/2/14 14:23,0.108033295
10/2/14 18:26,0.018786809
10/2/14 23:26,0.018786809
10/3/14 12:59,0.018786809
10/3/14 14:40,0.018786809
10/6/14 13:40,0.018786809
10/6/14 23:28,0.018786809
10/7/14 17:45,0.097470402
10/7/14 18:14,0.122824579
10/7/14 23:30,0.122824579
10/8/14 11:29,0.122824579
10/8/14 13:17,0.108033295
10/8/14 18:18,0.097470402
10/8/14 23:20,0.097470402
10/8/14 23:42,0.027777975
10/9/14 13:21,0.041818749
10/9/14 23:22,0.097470402
10/10/14 17:52,0.097470402
10/10/14 23:07,0.097470402
10/11/14 11:07,0.041818749
10/14/14 10:25,0.018786809
10/14/14 13:20,0.07864834
10/14/14 13:31,0.108033295
10/14/14 23:03,0.07864834
10/15/14 15:16,0.097470402
10/15/14 15:35,0.027777975
10/15/14 23:00,0.122824579
10/15/14 23:06,0.07864834
10/17/14 15:19,0.067960961
10/17/14 19:09,0.122824579
10/17/18 23:31,0.108033295
10/18/14 15:30,0.108033295
10/19/14 10:39,0.111701701
10/19/14 10:58,0.108033295
10/19/14 14:30,0.122824579
10/19/14 21:51,0.108033295
10/20/14 13:15,0.122824579
10/20/14 19:42,0.122824579
10/21/14 15:05,0.108033295
10/21/14 17:09,0.122824579
10/21/14 18:08,0.111701701
10/21/14 23:02,0.018786809
10/21/14 23:32,0.097470402
10/22/14 10:53,0.122824579
10/22/14 14:14,0.111701701
10/22/14 14:16,0.027777975
10/22/14 20:39,0.018786809
10/27/14 18:48,0.018786809
10/27/14 23:33,0.018786809
10/28/14 15:48,0.122824579
10/28/14 23:31,0.122824579
10/29/14 13:59,0.018786809
10/29/14 23:47,0.122824579
10/30/14 13:08,0.097470402
10/30/14 13:21,0.122824579
10/30/14 22:05,0.122824579
10/31/14 15:25,0.111701701
11/3/14 13:34,0.108033295
11/3/14 23:54,0.122824579
11/4/14 14:13,0.111701701
11/4/14 14:46,0.122824579
11/4/14 23:27,0.097470402
11/4/14 23:29,0.108033295
11/5/14 15:31,0.122824579
11/5/14 16:52,0.122824579
11/5/14 20:55,0.111701701
11/5/14 22:24,0.111701701
11/5/14 23:09,0.097470402
11/10/14 17:46,0.111701701
11/11/14 18:08,0.111701701
11/12/14 11:00,0.122824579
11/12/14 15:42,0.122824579
11/13/14 11:53,0.122824579
11/13/11 15:38,0.122824579
11/14/14 14:20,0.097470402
11/17/14 15:38,0.122824579
11/17/14 15:39,0.097470402
11/17/14 23:20,0.07864834
11/17/14 23:39,0.108033295
11/18/14 13:40,0.025118538
11/18/14 13:50,0.097470402
11/18/14 23:29,0.108033295
11/19/14 15:37,0.108033295
11/24/14 16:53,0.018786809
11/26/14 14:59,0.108033295
12/1/14 17:29,0.097470402
12/2/14 13:50,0.025118538
12/2/14 19:10,0.041818749
12/4/14 15:36,0.029067159
12/4/14 15:48,0.041818749
12/4/14 20:28,0.029067159
12/5/14 10:00,0.041818749
12/8/14 14:31,0.025118538
12/8/14 15:26,0.111701701
12/8/14 19:06,0.111701701
12/8/14 23:24,0.029067159
12/9/14 15:36,0.097470402
12/9/14 23:18,0.029067159
12/16/14 14:05,0.122824579
12/16/14 16:53,0.122824579
12/16/14 22:46,0.097470402
12/18/14 22:23,0.111701701
12/22/14 23:14,0.025118538
12/23/14 10:34,0.122824579
12/23/14 14:21,0.111701701
12/23/14 15:02,0.111701701
12/23/14 19:44,0.122824579
12/29/14 12:38,0.108033295
12/29/14 13:55,0.111701701
12/29/14 23:19,0.097470402
12/30/14 11:16,0.097470402
12/30/14 13:14,0.097470402
12/30/14 23:22,0.111701701
1/2/15 15:34,0.111701701
1/2/15 21:15,0.111701701
1/2/15 23:29,0.122824579
1/3/15 11:52,0.097470402
1/3/15 14:01,0.097470402
1/3/15 14:05,0.111701701
1/3/15 16:57,0.122824579
1/6/15 15:30,0.122824579
1/6/15 18:03,0.111701701
1/6/15 23:24,0.097470402
1/7/15 11:22,0.097470402
1/8/15 10:46,0.122824579
1/8/15 15:28,0.122824579
1/8/15 15:38,0.111701701
1/8/15 23:01,0.111701701
1/9/15 13:33,0.097470402
1/9/15 18:40,0.111701701
1/9/15 23:21,0.097470402
1/9/15 15:22,0.041818749
1/9/15 21:53,0.097470402
1/12/15 13:48,0.111701701
1/12/15 18:51,0.108033295
1/13/15 11:24,0.122824579
1/13/15 15:26,0.111701701
1/13/15 19:44,0.111701701
1/14/15 14:20,0.111701701
1/14/15 14:23,0.111701701
1/14/15 23:07,0.111701701
1/15/15 16:00,0.111701701
1/21/15 14:12,0.122824579
1/21/15 23:26,0.122824579
1/22/15 12:48,0.097470402
1/22/15 12:06,0.111701701
1/22/15 13:10,0.097470402
1/22/15 13:20,0.111701701
1/22/15 23:19,0.097470402
1/22/15 23:29,0.122824579
1/23/15 13:43,0.111701701
1/23/15 14:04,0.122824579
1/25/15 23:57,0.097470402
1/26/15 13:01,0.097470402
1/26/15 18:01,0.097470402
1/26/15 23:04,0.111701701
1/27/15 13:35,0.097470402
1/27/15 23:04,0.097470402
1/28/15 18:00,0.025118538
1/28/15 23:02,0.025118538
1/29/15 14:32,0.111701701
1/30/15 10:11,0.097470402
1/30/15 13:11,0.097470402
2/2/15 15:14,0.111701701
2/3/15 16:39,0.097470402
2/3/15 23:31,0.097470402
2/4/15 14:07,0.097470402
2/4/15 14:56,0.041818749
2/4/15 22:50,0.025118538
2/5/15 14:15,0.122824579
2/5/15 14:46,0.097470402
2/5/15 23:19,0.111701701
2/5/15 23:33,0.122824579
2/6/15 14:35,0.122824579
2/6/15 23:30,0.111701701
2/10/15 13:41,0.025118538
2/10/15 23:07,0.122824579
2/11/15 13:45,0.122824579
2/11/15 23:23,0.122824579
2/12/15 15:24,0.111701701
2/12/15 21:21,0.111701701
2/12/15 23:18,0.122824579
2/13/15 13:18,0.097470402
2/13/15 15:22,0.018786809
2/13/15 23:17,0.018786809
2/14/15 13:12,0.108033295
2/14/15 13:24,0.111701701
2/16/15 22:00,0.111701701
2/14/15 23:02,0.111701701
2/16/15 13:08,0.041818749
2/16/15 16:37,0.041818749
2/16/15 23:01,0.029067159
2/16/15 23:34,0.025118538
2/17/15 12:15,0.041818749
2/17/15 13:21,0.041818749
2/17/15 13:32,0.025118538
2/17/15 18:28,0.097470402
2/17/15 23:02,0.07864834
2/18/15 13:33,0.111701701
2/18/15 13:37,0.097470402
2/18/15 23:05,0.111701701
2/19/15 14:55,0.111701701
2/19/15 23:34,0.111701701
2/20/15 11:22,0.111701701
2/20/15 13:58,0.111701701
2/24/15 11:31,0.111701701
2/24/15 15:31,0.111701701
2/25/15 21:03,0.097470402
2/25/15 23:26,0.111701701
2/25/15 13:48,0.111701701
2/26/15 23:07,0.097470402
2/26/15 13:20,0.111701701
2/26/15 15:56,0.122824579
2/26/15 23:25,0.111701701
2/27/15 23:10,0.111701701
3/2/15 16:00,0.122824579
3/2/15 15:51,0.111701701
3/2/15 16:50,0.111701701
3/2/15 23:29,0.07864834
3/2/15 23:36,0.097470402
3/3/15 13:42,0.111701701
3/3/15 22:28,0.097470402
3/3/15 23:31,0.097470402
3/4/15 13:11,0.097470402
3/4/15 15:06,0.097470402
3/4/15 23:11,0.111701701
3/4/15 23:26,0.041818749
3/5/15 12:51,0.111701701
3/5/15 13:19,0.111701701
3/5/15 13:31,0.122824579
3/6/15 21:00,0.097470402
3/9/15 17:09,0.097470402
3/9/15 23:33,0.111701701
3/10/15 13:40,0.108033295
3/10/15 17:11,0.111701701
3/11/15 15:24,0.111701701
3/11/15 17:49,0.025118538
3/11/15 20:58,0.097470402
3/11/15 23:10,0.041818749
3/13/15 15:04,0.111701701
3/13/15 15:05,0.111701701
3/13/15 19:13,0.097470402
3/13/15 23:08,0.111701701
3/16/15 18:25,0.041818749
3/16/15 18:58,0.111701701
3/16/15 23:51,0.025118538
3/17/15 12:48,0.122824579
3/17/15 15:10,0.111701701
3/17/15 15:12,0.041818749
3/17/15 18:35,0.111701701
3/17/15 23:18,0.111701701
3/17/15 23:21,0.111701701
3/18/15 13:06,0.122824579
3/23/15 20:54,0.041818749
3/23/15 23:03,0.025118538
3/24/15 14:27,0.108033295
3/24/15 23:06,0.122824579
3/25/15 10:48,0.097470402
3/25/15 13:59,0.122824579
3/25/15 20:30,0.122824579
3/25/15 23:01,0.111701701
3/26/15 14:21,0.097470402
3/26/15 15:04,0.122824579
3/27/15 13:28,0.111701701
3/27/15 23:14,0.111701701
3/28/15 13:01,0.111701701
3/30/15 16:29,0.111701701
3/30/15 23:01,0.111701701
4/1/15 15:33,0.018786809
4/2/15 14:28,0.025118538
4/2/15 18:26,0.111701701
4/6/15 14:32,0.025118538
4/6/15 18:31,0.097470402
4/7/15 13:53,0.025118538
4/7/15 21:56,0.097470402
4/7/15 23:15,0.025118538
4/8/15 13:26,0.111701701
4/8/15 16:57,0.122824579
4/8/15 23:18,0.041818749
4/8/15 23:34,0.018786809
4/9/15 13:17,0.111701701
4/14/15 13:39,0.041818749
4/14/15 21:01,0.041818749
4/14/15 23:42,0.041818749
4/15/15 13:55,0.018786809
4/16/15 16:23,0.025118538
4/16/15 21:23,0.025118538
4/16/15 23:20,0.097470402
4/17/15 12:25,0.097470402
4/17/15 13:29,0.025118538
4/17/15 16:28,0.111701701
4/20/15 14:14,0.025118538
4/20/15 15:01,0.041818749
4/20/15 23:03,0.025118538
4/22/15 23:02,0.097470402
4/23/15 12:08,0.097470402
4/23/15 14:21,0.111701701
4/23/15 17:12,0.122824579
4/23/15 23:06,0.097470402
4/24/15 14:22,0.111701701
4/27/15 15:32,0.111701701
4/28/15 15:37,0.122824579
4/28/15 16:13,0.097470402
4/29/15 19:31,0.018786809
4/30/15 13:41,0.018786809
5/4/15 10:30,0.029067159
5/4/15 14:45,0.111701701
5/4/15 14:58,0.111701701
5/4/15 23:15,0.122824579
5/5/15 13:06,0.111701701
5/5/15 18:55,0.041818749
5/5/15 23:17,0.041818749
5/6/15 10:00,0.111701701
5/6/15 14:31,0.111701701
5/6/15 23:21,0.097470402
5/7/15 17:49,0.111701701
5/8/15 12:00,0.111701701
5/8/15 18:16,0.111701701
5/11/15 21:05,0.122824579
5/12/15 15:19,0.111701701
5/12/15 23:30,0.122824579
5/13/15 15:16,0.111701701
5/14/15 23:02,0.097470402
5/14/15 13:01,0.111701701
5/14/15 13:56,0.018786809
5/14/15 14:57,0.018786809
5/14/15 20:39,0.025118538
5/14/15 23:10,0.097470402
5/20/15 21:35,0.041818749
5/21/15 13:55,0.025118538
5/21/15 18:57,0.041818749
5/21/15 19:50,0.122824579
5/21/15 23:31,0.041818749
5/22/15 23:00,0.097470402
5/26/15 12:34,0.097470402
5/26/15 13:50,0.097470402
5/26/15 20:30,0.097470402
5/26/15 23:12,0.111701701
5/26/15 18:55,0.097470402
5/27/15 18:03,0.111701701
5/27/15 23:20,0.111701701
5/28/15 10:09,0.097470402
5/28/15 19:07,0.029067159
6/1/01 20:00,0.097470402
6/1/15 13:10,0.097470402
6/1/15 23:03,0.097470402
6/2/15 12:20,0.097470402
6/2/15 13:53,0.122824579
6/2/15 18:26,0.111701701
6/3/15 14:05,0.097470402
6/3/15 21:22,0.097470402
6/3/15 23:14,0.097470402
6/4/15 13:14,0.122824579
6/4/15 15:20,0.111701701
6/5/15 15:07,0.111701701
6/8/15 16:00,0.122824579
6/8/15 23:34,0.097470402
6/9/15 23:32,0.122824579
6/10/15 11:46,0.111701701
6/10/15 12:01,0.111701701
6/10/15 16:36,0.122824579
6/10/15 16:42,0.111701701
6/10/15 20:34,0.122824579
6/10/15 23:38,0.097470402
6/11/15 13:19,0.108033295
6/11/15 23:30,0.108033295
6/15/15 13:12,0.122824579
6/16/15 11:45,0.122824579
6/16/15 13:51,0.111701701
6/16/15 17:46,0.111701701
6/16/15 22:44,0.122824579
6/17/20 15:35,0.097470402
6/19/15 15:21,0.111701701
6/22/15 13:01,0.111701701
6/23/15 13:18,0.111701701
6/23/15 15:25,0.097470402
6/23/15 21:37,0.07864834
6/23/15 23:08,0.097470402
6/24/15 13:12,0.122824579
6/24/15 16:07,0.01019678
6/24/15 23:14,0.097470402
6/25/15 19:49,0.097470402
6/25/15 23:33,0.111701701
6/26/15 14:15,0.01019678
6/30/15 15:18,0.122824579
6/30/15 17:07,0.111701701
6/30/15 18:01,0.097470402
6/30/15 23:24,0.111701701
7/1/15 10:51,0.111701701
7/1/15 14:47,0.111701701
7/1/15 15:03,0.108033295
7/1/15 21:00,0.122824579
7/1/15 21:03,0.111701701
7/2/15 21:26,0.111701701
7/6/15 13:27,0.111701701
7/6/15 23:10,0.111701701
7/7/15 13:49,0.111701701
7/7/15 19:30,0.111701701
7/7/15 23:17,0.097470402
7/8/15 11:47,0.097470402
7/8/15 13:13,0.097470402
7/9/15 23:10,0.097470402
7/9/15 15:17,0.111701701
7/13/15 14:46,0.111701701
7/13/15 23:02,0.111701701
7/14/15 12:34,0.111701701
7/14/15 15:15,0.097470402
7/14/15 23:12,0.097470402
7/15/15 12:49,0.097470402
7/15/15 18:28,0.111701701
7/15/15 20:53,0.097470402
7/15/15 23:09,0.07864834
7/15/15 22:24,0.097470402
7/16/15 13:34,0.097470402
7/20/15 11:12,0.111701701
7/20/15 15:03,0.111701701
7/21/15 16:17,0.097470402
7/22/15 16:26,0.097470402
7/22/15 23:54,0.097470402
7/23/15 13:53,0.097470402
7/23/15 11:12,0.097470402
7/23/15 14:15,0.097470402
7/23/15 16:36,0.097470402
7/23/15 19:18,0.111701701
7/23/15 23:10,0.097470402
7/23/15 23:30,0.097470402
7/24/15 11:43,0.097470402
7/24/15 13:25,0.097470402
7/27/15 17:38,0.111701701
7/28/15 15:20,0.097470402
7/28/15 15:26,0.097470402
7/27/15 23:17,0.097470402
7/28/15 23:32,0.097470402
7/28/15 20:55,0.111701701
7/28/15 23:37,0.111701701
7/30/15 13:19,0.111701701
7/31/15 10:16,0.122824579
7/31/15 13:34,0.111701701
7/31/15 15:26,0.122824579
7/31/15 21:08,0.111701701
8/3/15 16:00,0.111701701
8/3/15 15:01,0.111701701
8/3/15 16:23,0.111701701
8/3/15 19:29,0.097470402
8/3/15 23:19,0.097470402
8/3/15 23:28,0.111701701
8/4/15 21:45,0.097470402
8/5/15 13:38,0.097470402
8/6/15 13:14,0.097470402
8/6/15 23:22,0.111701701
8/6/15 22:52,0.097470402
8/6/15 13:08,0.122824579
8/6/15 13:42,0.111701701
8/10/15 15:20,0.111701701
8/10/15 19:46,0.097470402
8/11/15 17:35,0.029067159
8/11/15 23:28,0.097470402
8/12/15 13:14,0.111701701
8/12/15 23:21,0.097470402
8/13/15 13:00,0.097470402
8/13/15 14:11,0.111701701
8/13/15 13:58,0.111701701
8/13/15 23:28,0.097470402
8/13/15 23:57,0.07864834
8/14/15 12:01,0.097470402
8/14/15 13:13,0.097470402
8/14/15 20:10,0.097470402
8/17/15 13:29,0.111701701
8/18/15 13:19,0.122824579
8/18/15 13:44,0.111701701
8/18/15 23:19,0.097470402
8/19/15 13:34,0.122824579
8/20/15 18:45,0.029067159
8/21/15 14:00,0.041818749
8/21/15 13:07,0.111701701
8/21/15 23:14,0.111701701
8/22/15 13:22,0.111701701
8/22/15 21:49,0.111701701
8/24/15 15:29,0.097470402
8/24/15 16:40,0.111701701
8/24/15 22:41,0.111701701
8/25/15 13:08,0.122824579
8/26/15 15:35,0.122824579
8/26/15 16:35,0.111701701
8/27/15 23:27,0.111701701
8/28/15 20:21,0.07864834
8/28/15 23:00,0.07864834
8/28/15 13:23,0.07864834
8/31/15 23:32,0.097470402
8/31/15 12:15,0.097470402
8/31/15 13:02,0.097470402
8/31/15 18:16,0.041818749
8/31/15 23:09,0.097470402
9/1/15 13:00,0.111701701
9/1/15 13:01,0.097470402
9/1/15 23:08,0.097470402
9/2/15 13:13,0.041818749
9/2/15 14:51,0.097470402
9/2/15 23:26,0.111701701
9/3/15 21:05,0.097470402
9/4/15 15:26,0.025118538
9/4/15 17:18,0.111701701
9/8/15 12:13,0.122824579
9/8/15 16:12,0.122824579
9/9/15 22:33,0.097470402
9/9/15 13:14,0.111701701
9/9/15 13:21,0.122824579
9/10/15 10:27,0.111701701
9/10/15 14:01,0.122824579
9/10/15 13:56,0.097470402
9/11/15 13:25,0.122824579
9/11/15 17:55,0.122824579
9/11/15 23:02,0.122824579
9/12/15 17:30,0.097470402
9/14/15 14:28,0.097470402
9/15/15 13:02,0.041818749
9/15/15 18:37,0.111701701
9/17/15 17:03,0.097470402
9/17/15 19:26,0.097470402
9/17/15 23:06,0.097470402
9/17/15 10:59,0.111701701
9/17/15 13:22,0.111701701
9/17/15 13:33,0.111701701
9/18/15 23:13,0.097470402
9/18/15 16:20,0.097470402
9/22/15 14:55,0.097470402
9/22/15 16:32,0.097470402
9/22/15 23:27,0.122824579
9/22/15 23:34,0.111701701
9/23/15 11:48,0.111701701
9/23/15 13:16,0.111701701
9/23/15 13:23,0.111701701
9/23/15 21:01,0.111701701
9/26/15 21:30,0.122824579
9/28/15 13:29,0.122824579
9/28/15 12:15,0.111701701
9/28/15 15:34,0.122824579
9/28/15 19:20,0.122824579
9/28/15 23:26,0.111701701
9/29/15 13:28,0.122824579
9/29/15 23:11,0.111701701
9/30/15 18:11,0.111701701
9/30/15 13:24,0.111701701
9/30/15 13:26,0.122824579
9/30/15 17:14,0.111701701
9/30/15 23:21,0.111701701
10/2/15 13:27,0.111701701
10/2/15 20:40,0.111701701
10/3/15 11:17,0.111701701
10/3/15 17:58,0.097470402
10/3/15 23:16,0.097470402
10/5/15 22:01,0.122824579
10/6/15 14:46,0.108033295
10/7/15 10:22,0.122824579
10/7/15 13:37,0.122824579
10/7/15 21:44,0.111701701
10/8/15 13:19,0.122824579
10/8/15 15:26,0.111701701
10/8/15 23:18,0.097470402
10/13/15 10:27,0.111701701
10/13/15 13:32,0.111701701
10/14/15 14:08,0.111701701
10/14/15 14:08,0.111701701
10/14/15 23:17,0.111701701
10/14/15 23:40,0.111701701
10/15/15 13:24,0.122824579
10/15/15 16:57,0.122824579
10/15/15 23:04,0.097470402
10/16/15 11:45,0.097470402
10/16/15 13:27,0.097470402
10/16/15 18:20,0.041818749
10/16/15 23:06,0.111701701
10/16/15 23:31,0.122824579
10/19/15 14:09,0.111701701
10/19/15 23:51,0.097470402
10/20/15 23:00,0.029067159
10/20/15 10:48,0.122824579
10/20/15 13:59,0.122824579
10/20/15 15:24,0.111701701
10/21/15 10:51,0.122824579
10/21/15 14:07,0.111701701
10/21/15 14:08,0.122824579
10/21/15 23:31,0.122824579
10/22/15 15:29,0.122824579
10/22/15 23:27,0.122824579
10/23/15 20:28,0.122824579
10/23/15 23:55,0.111701701
10/25/15 23:11,0.018786809
10/26/15 13:09,0.111701701
10/27/15 15:55,0.111701701
10/27/15 23:03,0.097470402
10/28/15 20:36,0.097470402
10/28/15 22:34,0.097470402
10/29/15 12:45,0.111701701
10/29/15 14:20,0.041818749
10/29/15 15:24,0.111701701
11/2/15 13:16,0.122824579
11/2/15 20:05,0.041818749
11/2/15 23:37,0.111701701
11/3/15 13:40,0.122824579
11/3/15 23:27,0.108033295
11/5/15 13:15,0.122824579
11/5/15 20:33,0.111701701
11/5/15 23:01,0.041818749
11/5/15 13:11,0.097470402
11/7/15 14:46,0.041818749
11/8/15 23:05,0.122824579
11/9/15 14:49,0.122824579
11/10/15 17:57,0.111701701
11/10/15 23:41,0.122824579
11/10/15 23:45,0.122824579
11/10/15 13:53,0.111701701
11/10/15 19:55,0.122824579
11/10/15 21:53,0.025118538
11/10/15 23:33,0.018786809
11/11/15 13:53,0.018786809
11/12/15 23:19,0.025118538
11/13/15 13:40,0.041818749
11/17/15 13:47,0.041818749
11/18/15 20:10,0.041818749
11/18/15 10:28,0.122824579
11/18/15 14:08,0.041818749
11/19/15 14:15,0.025118538
11/20/15 16:00,0.097470402
11/21/15 20:27,0.041818749
11/21/15 14:04,0.018786809
11/21/15 14:00,0.025118538
11/23/15 11:44,0.111701701
11/23/15 13:00,0.018786809
11/23/15 14:37,0.111701701
11/23/15 23:09,0.025118538
11/25/15 10:03,0.097470402
11/25/15 13:20,0.111701701
11/25/15 13:28,0.111701701
11/30/15 12:23,0.097470402
12/1/15 23:35,0.111701701
12/1/15 12:48,0.097470402
12/1/15 13:31,0.025118538
12/1/15 13:44,0.041818749
12/2/15 23:36,0.111701701
12/2/15 13:32,0.111701701
12/2/15 21:43,0.111701701
12/2/15 23:24,0.041818749
12/3/15 12:00,0.097470402
12/2/15 23:21,0.111701701
12/3/15 13:21,0.097470402
12/7/15 11:35,0.097470402
12/7/15 12:07,0.041818749
12/7/15 13:09,0.041818749
12/7/15 13:16,0.029067159
12/7/15 15:19,0.097470402
12/7/15 19:19,0.097470402
12/7/15 23:11,0.097470402
12/7/15 23:46,0.111701701
12/8/15 14:45,0.111701701
12/8/15 15:32,0.025118538
12/8/15 23:50,0.025118538
12/9/15 14:35,0.111701701
12/9/15 17:14,0.111701701
12/9/15 22:32,0.097470402
12/10/15 13:50,0.097470402
12/10/15 21:06,0.041818749
12/10/15 23:02,0.097470402
12/11/15 15:27,0.025118538
12/15/15 13:40,0.025118538
12/15/15 16:33,0.097470402
12/15/15 23:02,0.097470402
12/15/15 23:31,0.025118538
12/16/15 10:23,0.025118538
12/16/15 13:45,0.025118538
12/16/15 13:58,0.111701701
12/16/15 15:53,0.111701701
12/16/15 23:15,0.097470402
12/17/15 22:27,0.097470402
12/18/15 17:52,0.041818749
12/18/15 23:26,0.025118538
12/19/15 13:22,0.025118538
12/19/15 20:05,0.041818749
12/19/15 23:13,0.025118538
12/22/15 10:56,0.097470402
12/22/15 13:28,0.097470402
12/23/15 10:41,0.025118538
12/23/15 13:44,0.025118538
12/23/15 16:11,0.097470402
12/28/15 11:13,0.041818749
12/28/15 13:37,0.041818749
12/28/15 15:38,0.111701701
12/28/15 21:20,0.072222165
12/29/15 14:52,0.097470402
12/29/15 16:41,0.041818749
12/29/15 23:20,0.041818749
12/30/15 13:59,0.041818749
1/4/16 23:50,0.025118538
1/5/16 15:20,0.025118538
1/5/16 18:06,0.029067159
1/5/16 22:46,0.041818749
1/5/16 23:27,0.041818749
1/6/16 13:35,0.025118538
1/6/16 17:42,0.097470402
1/6/16 23:38,0.025118538
1/7/16 14:26,0.041818749
1/7/16 23:47,0.025118538
1/8/16 10:16,0.025118538
1/8/16 13:45,0.029067159
1/8/16 16:59,0.025118538
1/8/16 23:03,0.041818749
1/8/16 23:25,0.025118538
1/9/16 11:33,0.097470402
1/9/16 13:31,0.025118538
1/9/16 14:04,0.097470402
1/12/16 13:07,0.097470402
1/12/16 16:49,0.041818749
1/12/16 17:20,0.097470402
1/13/15 14:00,0.041818749
1/14/16 11:44,0.041818749
1/14/16 13:30,0.025118538
1/15/16 13:01,0.07864834
1/15/15 15:29,0.111701701
1/15/15 23:12,0.122824579
1/15/15 23:21,0.097470402
1/19/16 15:16,0.097470402
1/19/16 20:45,0.097470402
1/19/16 16:15,0.111701701
1/20/16 19:09,0.111701701
1/21/16 15:32,0.097470402
1/21/16 16:08,0.111701701
1/21/16 21:02,0.122824579
1/21/16 21:21,0.097470402
1/22/16 10:52,0.111701701
1/22/16 15:30,0.111701701
1/22/16 15:41,0.097470402
1/25/16 13:01,0.111701701
1/25/16 11:45,0.111701701
1/25/16 13:48,0.122824579
1/26/16 17:17,0.021125342
1/26/16 20:08,0.097470402
1/26/16 20:22,0.111701701
1/26/16 23:28,0.097470402
1/26/16 23:31,0.111701701
1/27/16 13:32,0.122824579
1/27/16 23:31,0.111701701
1/28/16 14:01,0.111701701
1/28/16 21:18,0.111701701
1/28/16 21:26,0.097470402
1/29/16 11:48,0.111701701
1/29/16 13:36,0.111701701
1/29/16 13:42,0.097470402
1/29/16 17:14,0.097470402
1/29/16 23:33,0.097470402
2/1/16 23:00,0.111701701
2/1/16 16:00,0.111701701
2/1/16 23:24,0.111701701
2/2/16 11:27,0.111701701
2/2/16 13:43,0.111701701
2/2/16 19:27,0.122824579
2/2/16 23:31,0.097470402
2/3/16 10:00,0.111701701
2/3/16 14:32,0.122824579
2/3/16 15:38,0.122824579
2/4/16 13:53,0.122824579
2/4/16 17:29,0.111701701
2/4/16 23:43,0.111701701
2/5/16 13:16,0.111701701
2/5/16 17:40,0.111701701
2/8/16 10:59,0.097470402
2/8/16 13:01,0.111701701
2/8/16 13:41,0.122824579
2/8/16 16:30,0.111701701
2/8/16 23:23,0.097470402
2/9/16 15:00,0.122824579
2/9/16 10:45,0.111701701
2/11/16 16:37,0.111701701
2/11/16 21:28,0.097470402
2/15/16 14:32,0.111701701
2/16/16 14:58,0.111701701
2/16/16 15:03,0.122824579
2/16/16 23:34,0.097470402
2/17/16 15:01,0.111701701
2/17/16 23:30,0.122824579
2/18/16 10:00,0.122824579
2/18/16 15:08,0.097470402
2/22/16 18:28,0.025118538
2/22/16 23:21,0.041818749
2/22/16 23:35,0.111701701
2/23/16 10:17,0.111701701
2/23/16 13:16,0.097470402
2/23/16 23:50,0.025118538
2/24/16 10:53,0.025118538
2/24/16 14:05,0.025118538
2/24/16 19:24,0.097470402
2/24/16 23:23,0.041818749
2/24/16 23:47,0.025118538
2/25/16 13:49,0.111701701
2/25/16 14:01,0.018786809
2/29/16 14:46,0.111701701
3/1/16 10:42,0.097470402
3/1/16 14:39,0.097470402
3/1/16 14:54,0.111701701
3/1/16 16:43,0.097470402
3/1/16 18:29,0.122824579
3/2/16 21:00,0.111701701
3/2/16 13:06,0.111701701
3/2/16 13:24,0.111701701
3/2/16 17:40,0.111701701
3/2/16 21:15,0.111701701
3/2/16 18:10,0.111701701
3/3/16 10:00,0.111701701
3/3/16 14:33,0.111701701
3/4/16 15:00,0.111701701
3/7/16 18:00,0.097470402
3/7/16 13:05,0.111701701
3/7/16 13:10,0.122824579
3/7/16 23:30,0.111701701
3/8/16 14:17,0.111701701
3/8/16 20:47,0.111701701
3/8/16 21:11,0.097470402
3/8/16 23:27,0.111701701
3/9/16 12:37,0.111701701
3/9/16 13:49,0.097470402
3/9/16 21:04,0.111701701
3/10/16 10:07,0.111701701
3/10/16 13:29,0.122824579
3/10/16 16:30,0.111701701
3/10/16 21:31,0.122824579
3/14/16 15:29,0.025118538
3/14/16 17:38,0.122824579
3/14/16 19:36,0.097470402
3/14/16 23:22,0.111701701
3/15/16 13:35,0.111701701
3/15/16 19:19,0.111701701
3/15/16 22:47,0.111701701
3/15/16 15:29,0.111701701
3/16/16 11:00,0.025118538
3/17/16 13:17,0.111701701
3/17/16 13:26,0.041818749
3/17/16 15:09,0.029067159
3/18/16 17:20,0.025118538
3/18/16 21:48,0.111701701
3/21/16 19:00,0.111701701
3/21/16 13:10,0.111701701
3/21/16 23:00,0.07864834
3/22/16 14:10,0.029067159
3/22/16 15:26,0.041818749
3/23/16 13:24,0.025118538
3/24/16 13:07,0.025118538
3/24/16 14:11,0.111701701
3/28/16 13:11,0.111701701
3/29/16 13:27,0.041818749
3/29/16 13:30,0.025118538
3/29/16 18:15,0.122824579
3/30/16 15:31,0.122824579
3/31/16 14:09,0.018786809
4/1/16 13:20,0.025118538
4/1/16 16:33,0.111701701
4/4/16 14:34,0.025118538
4/4/16 23:25,0.041818749
4/4/16 15:26,0.025118538
4/5/16 13:11,0.025118538
4/5/16 22:39,0.111701701
4/6/16 13:17,0.041818749
4/6/16 23:32,0.041818749
4/11/16 19:04,0.025118538
4/11/16 20:20,0.018786809
4/11/16 23:15,0.041818749
4/12/16 12:10,0.029067159
4/12/16 13:17,0.041818749
4/12/16 13:19,0.041818749
4/12/16 23:10,0.025118538
4/14/16 12:08,0.041818749
4/14/16 13:24,0.041818749
4/14/16 14:38,0.041818749
4/14/16 20:35,0.111701701
4/18/16 11:43,0.041818749
4/18/16 15:02,0.041818749
4/18/16 18:17,0.041818749
4/18/16 23:26,0.111701701
4/19/16 15:23,0.122824579
4/19/16 21:07,0.041818749
4/19/16 21:49,0.041818749
4/20/16 13:47,0.025118538
4/20/16 16:26,0.041818749
4/20/16 23:52,0.097470402
4/21/16 13:54,0.111701701
4/21/16 15:24,0.097470402
4/23/16 18:22,0.122824579
4/23/16 21:44,0.122824579
4/24/16 23:51,0.111701701
4/25/16 13:15,0.122824579
4/25/16 23:16,0.122824579
4/26/16 11:54,0.018786809
4/26/16 13:44,0.122824579
4/27/16 13:15,0.111701701
4/28/16 13:11,0.111701701
4/28/16 23:30,0.111701701
5/2/16 13:21,0.111701701
5/3/16 13:12,0.122824579
5/3/16 13:25,0.111701701
5/3/16 17:29,0.111701701
5/3/16 23:12,0.111701701
5/4/16 11:17,0.097470402
5/4/16 14:38,0.097470402
5/4/16 18:01,0.097470402
5/5/16 21:00,0.111701701
5/6/16 17:25,0.07864834
5/6/16 23:45,0.097470402
5/7/16 13:06,0.111701701
5/9/16 12:37,0.111701701
5/9/16 13:12,0.111701701
5/10/16 13:48,0.111701701
5/10/16 21:44,0.07864834
5/11/16 13:40,0.097470402
5/11/16 19:19,0.07864834
5/11/16 23:30,0.097470402
5/12/16 19:49,0
5/13/16 17:28,0
5/14/16 23:00,0.9
5/14/16 11:45,0.122824579
5/14/16 13:21,0.111701701
5/14/16 22:15,0
5/17/16 22:48,0.111701701
5/17/16 14:58,0.111701701
5/18/16 13:54,0.025118538
5/18/16 17:14,0
5/18/16 21:19,0.027777975
5/19/16 11:20,0.072222165
5/19/16 13:29,0.097470402
5/19/16 23:58,0.111701701
5/20/16 14:03,0.108033295
5/20/16 23:16,0.108033295
5/23/16 11:26,0.067960961
5/23/16 14:10,0.108033295
5/23/16 23:44,0.108033295
5/24/16 12:00,0.108033295
5/24/16 13:05,0
5/24/16 17:47,0.108033295
5/24/16 16:01,0.108033295
5/24/16 23:25,0.122824579
5/24/16 18:12,0.097470402
5/25/16 13:18,0
5/25/16 19:50,0
5/25/16 23:19,0.111701701
5/26/16 13:01,0.111701701
5/26/16 14:12,0.029067159
5/27/16 13:20,0.097470402
5/27/16 13:49,0.122824579
5/27/16 16:22,0.111701701
5/31/16 10:22,0.097470402
5/31/16 13:37,0.097470402
5/31/16 23:20,0.108033295
6/2/16 13:13,0.111701701
6/4/16 13:07,0.067960961
6/4/16 18:00,0.07864834
6/4/16 23:16,0.097470402
6/8/16 13:13,0.01019678
6/8/16 15:06,0.122824579
6/8/16 23:59,0.122824579
6/9/16 12:34,0.108033295
6/9/16 15:11,0.108033295
6/10/16 13:10,0.122824579
6/10/16 19:42,0.122824579
6/13/16 13:06,0.111701701
6/13/16 23:28,0.111701701
6/14/16 15:15,0.108033295
6/14/16 15:48,0.108033295
6/14/16 23:35,0.108033295
6/15/16 13:27,0.108033295
6/15/16 21:14,0.122824579
6/15/16 23:00,0.122824579
6/17/16 10:39,0.122824579
6/17/16 13:19,0.122824579
6/17/16 16:34,0.122824579
6/17/16 23:53,0.097470402
6/20/16 13:54,0.122824579
6/20/16 15:03,0.122824579
6/20/16 19:03,0.108033295
6/20/16 23:06,0.108033295
6/22/16 12:20,0.122824579
6/22/16 13:24,0.111701701
6/22/16 18:44,0.122824579
6/22/16 22:40,0.111701701
6/22/16 23:09,0.122824579
6/23/16 10:00,0.111701701
6/23/16 13:17,0.111701701
6/24/16 12:22,0.111701701
6/24/16 13:06,0.111701701
6/24/16 21:39,0.111701701
6/27/16 12:16,0.111701701
6/27/16 13:12,0.097470402
6/27/16 13:15,0.122824579
6/27/16 17:25,0.108033295
6/27/16 22:25,0.108033295
6/28/16 14:28,0.018786809
6/28/16 20:34,0.108033295
6/30/16 13:05,0.111701701
6/30/16 20:48,0.108033295
6/30/16 23:18,0.108033295
7/1/16 13:37,0.111701701
7/1/16 17:29,0.122824579
7/5/16 12:15,0.108033295
7/5/16 13:04,0.027777975
7/5/16 16:25,0.067960961
7/5/16 21:17,0.108033295
7/6/16 12:14,0.111701701
7/6/16 13:04,0.108033295
7/6/16 13:11,0.111701701
7/8/16 17:44,0.111701701
7/8/16 21:57,0.122824579
7/11/16 19:00,0.097470402
7/11/16 14:18,0.122824579
7/11/16 14:25,0.111701701
7/11/16 17:52,0.025118538
7/11/16 23:01,0.122824579
7/12/16 13:40,0.111701701
7/13/16 13:01,0.108033295
7/13/16 13:35,0.111701701
7/13/16 16:09,0.108033295
7/14/16 13:54,0.111701701
7/15/16 23:16,0.111701701
7/16/16 13:41,0.108033295
7/16/16 22:22,0.108033295
7/17/16 13:00,0.108033295
7/18/16 14:18,0.067960961
7/18/16 19:36,0.122824579
7/18/16 23:09,0.072222165
7/18/16 23:13,0.122824579
7/19/16 19:39,0.097470402
7/19/16 23:29,0.111701701
7/19/16 16:50,0.111701701
7/20/16 14:38,0.122824579
7/20/16 14:41,0.111701701
7/20/16 23:25,0.122824579
7/21/16 13:18,0.122824579
7/21/16 14:04,0.111701701
7/21/16 22:33,0.108033295
7/22/16 10:53,0.111701701
7/22/16 13:03,0.067960961
7/22/16 13:06,0.111701701
7/25/16 11:12,0.122824579
7/25/16 13:00,0.111701701
7/25/16 16:54,0.108033295
7/26/16 13:11,0.111701701
7/27/16 13:02,0.111701701
7/29/16 13:33,0.111701701
7/29/16 23:02,0.122824579
8/1/16 10:37,0.122824579
8/1/16 13:00,0.111701701
8/1/16 23:15,0.108033295
8/2/16 13:55,0.111701701
8/3/16 16:00,0.111701701
8/3/16 17:02,0.111701701
8/5/16 10:09,0.027777975
8/5/16 14:07,0
8/5/16 18:59,0.108033295
8/8/16 13:22,0.067960961
8/8/16 23:31,0.067960961
8/9/16 13:20,0.067960961
8/9/16 21:21,0.122824579
8/12/16 16:31,0.122824579
8/12/16 21:00,0.111701701
8/14/16 15:19,0.108033295
8/14/16 22:40,0.108033295
8/15/16 15:00,0.108033295
8/15/16 16:50,0.108033295
8/15/16 17:30,0.097470402
8/15/16 23:12,0.108033295
8/16/16 15:18,0.108033295
8/16/16 21:00,0.097470402
8/16/16 23:13,0.108033295
8/17/16 13:10,0.111701701
8/18/16 13:10,0.097470402
8/22/16 18:15,0.108033295
8/23/16 11:20,0.108033295
8/23/16 13:11,0.122824579
8/25/16 13:00,0.108033295
8/25/16 17:04,0.097470402
8/26/16 14:46,0.122824579
8/26/16 22:00,0.111701701
8/26/16 23:14,0.108033295
8/27/16 12:02,0.067960961
8/27/16 13:16,0.108033295
8/27/16 19:44,0.108033295
8/27/16 23:51,0.108033295
8/28/16 21:05,0.108033295
8/28/16 23:07,0.108033295
8/29/16 13:00,0.111701701
8/29/16 15:11,0.108033295
8/30/16 11:48,0.122824579
8/30/16 13:01,0.108033295
8/30/16 18:39,0.108033295
8/30/16 20:39,0.108033295
8/30/16 23:25,0.108033295
8/31/16 11:36,0.122824579
8/31/16 13:26,0.122824579
8/31/16 17:48,0.108033295
9/1/16 14:04,0.108033295
9/1/16 17:24,0.111701701
9/1/16 19:46,0.108033295
9/1/16 23:07,0.108033295
9/1/16 23:42,0.097470402
9/2/16 15:28,0.111701701
9/6/16 14:03,0.111701701
9/6/16 16:14,0
9/6/16 21:52,0.086286393
9/8/16 14:32,0.122824579
9/8/16 16:39,0.108033295
9/8/16 18:19,0.108033295
9/8/16 18:19,0.111701701
9/8/16 23:19,0.122824579
9/9/16 16:01,0.111701701
9/12/16 13:01,0.122824579
9/12/16 13:02,0.097470402
9/13/16 10:00,0.108033295
9/13/16 13:14,0.122824579
9/13/16 13:18,0.122824579
9/13/16 21:54,0.122824579
9/13/16 23:01,0.122824579
9/14/16 10:55,0.122824579
9/14/16 15:50,0.122824579
9/16/16 10:13,0.111701701
9/16/16 13:00,0.111701701
9/16/16 16:26,0.108033295
9/16/16 22:27,0.108033295
9/19/16 14:15,0.097470402
9/19/16 15:32,0.108033295
9/19/16 23:20,0.108033295
9/20/16 14:16,0.097470402
9/21/16 13:12,0.111701701
9/21/16 14:48,0.067960961
9/21/16 18:28,0
9/21/16 21:39,0.111701701
9/21/16 22:05,0.067960961
9/22/16 13:11,0.108033295
9/22/16 13:13,0.111701701
9/22/16 20:28,0.067960961
9/23/16 11:43,0.108033295
9/23/16 15:25,0.122824579
9/23/16 15:27,0.111701701
9/26/16 15:21,0.111701701
9/26/16 23:47,0.108033295
9/27/16 13:00,0.108033295
9/28/16 15:34,0.097470402
9/28/16 17:06,0.097470402
9/29/16 13:21,0.111701701
9/29/16 16:19,0.122824579
9/29/16 19:09,0.111701701
9/29/16 23:49,0.111701701
9/30/16 13:13,0.122824579
10/3/16 12:00,0.108033295
10/3/16 11:54,0.122824579
10/3/16 14:06,0.111701701
10/4/16 18:35,0.122824579
10/4/16 18:58,0.097470402
10/4/16 21:53,0.122824579
10/5/16 13:01,0.111701701
10/6/16 10:07,0.122824579
10/6/16 13:00,0.122824579
10/6/16 15:09,0.111701701
10/6/16 19:02,0.111701701
10/11/16 13:13,0.122824579
10/11/16 20:26,0.067960961
10/11/16 23:28,0.122824579
10/12/16 17:22,0.108033295
10/14/16 13:08,0.108033295
10/14/16 19:04,0.108033295
10/18/16 13:03,0.122824579
10/18/16 21:27,0.122824579
10/19/16 13:26,0.111701701
10/19/16 15:20,0.108033295
10/19/16 19:46,0.108033295
10/19/16 23:22,0.108033295
10/25/16 13:02,0.122824579
10/25/16 23:33,0.108033295
10/27/16 13:37,0.108033295
10/27/16 16:06,0.122824579
10/27/16 20:22,0.122824579
10/27/16 23:36,0.122824579
10/28/16 14:53,0.122824579
10/31/16 13:19,0.122824579
10/31/16 23:33,0.108033295
11/2/16 11:43,0.122824579
11/2/16 14:35,0.122824579
11/2/16 23:11,0.108033295
11/3/16 15:26,0.111701701
11/3/16 15:39,0.122824579
11/3/16 23:44,0.122824579
11/4/16 13:10,0.122824579
11/7/16 10:55,0.108033295
11/7/16 13:36,0.111701701
11/7/16 17:09,0.122824579
11/7/16 23:03,0.122824579
11/8/16 16:21,0.122824579
11/8/16 18:03,0.122824579
11/8/16 19:32,0.097470402
11/9/16 10:00,0.122824579
11/10/16 12:27,0.111701701
11/10/16 13:19,0.122824579
11/10/16 16:53,0.097470402
11/10/16 16:59,0.122824579
11/11/16 14:34,0.122824579
11/14/16 15:09,0.122824579
11/14/16 20:14,0.122824579
11/14/16 22:03,0.097470402
11/14/16 22:03,0.122824579
11/15/16 13:05,0.122824579
11/15/16 23:09,0.122824579
11/15/16 17:41,0.097470402
11/16/16 15:54,0.097470402
11/17/16 21:48,0.029067159
11/21/16 11:59,0.108033295
11/21/16 16:22,0.122824579
11/21/16 23:13,0.108033295
11/22/16 13:18,0.07864834
11/23/16 11:44,0.097470402
11/23/16 13:03,0.111701701
11/23/16 13:05,0.122824579
11/23/16 15:11,0.122824579
11/28/16 13:00,0.108033295
11/28/16 13:03,0.122824579
11/28/16 23:11,0.108033295
11/29/16 17:56,0.122824579
12/1/16 13:00,0.108033295
12/5/16 21:04,0.122824579
12/7/16 15:20,0.07864834
12/8/16 13:00,0.122824579
12/8/16 13:01,0.111701701
12/9/16 16:16,0.122824579
12/12/16 15:43,0.025118538
12/13/16 13:02,0.097470402
12/13/16 16:47,0.097470402
12/14/16 13:15,0.07864834
12/15/16 10:17,0.07864834
12/15/16 14:05,0.097470402
12/15/16 23:33,0.122824579
12/19/16 14:46,0.029067159
12/19/16 15:02,0.067960961
12/19/16 17:09,0.027777975
12/19/16 20:27,0.027777975
12/19/16 21:54,0.097470402
12/19/16 23:14,0.027777975
12/21/16 13:09,0.108033295
12/21/16 23:06,0.122824579
12/27/16 17:23,0.108033295
12/27/16 19:22,0.072222165
12/27/16 19:35,0.108033295
12/27/16 23:23,0.108033295
12/28/16 13:16,0.108033295
12/28/16 15:31,0.027777975
12/28/16 23:07,0.018786809
1/3/17 22:00,0.067960961
1/3/17 14:20,0.122824579
1/4/17 12:37,0.097470402
1/4/17 13:12,0.097470402
1/5/17 16:05,0.018786809
1/5/17 22:34,0.018786809
1/9/17 11:03,0.108033295
1/9/17 13:00,0.122824579
1/9/17 13:01,0.122824579
1/9/17 18:23,0.027777975
1/9/17 22:35,0.018786809
1/10/17 15:48,0.025118538
1/10/17 18:08,0.041818749
1/10/17 21:23,0.018786809
1/11/17 16:30,0.025118538
1/12/17 23:27,0.018786809
1/17/17 14:45,0.072222165
1/17/17 16:17,0.122824579
1/17/17 19:45,0.041818749
1/17/17 23:20,0.018786809
1/18/17 13:14,0.025118538
1/19/17 13:27,0.108033295
1/19/17 23:05,0.018786809
1/23/17 23:27,0.108033295
1/23/17 19:29,0.027777975
1/24/17 17:15,0.027777975
1/25/17 12:10,0.018786809
1/25/17 13:03,0.018786809
1/26/17 15:18,0
1/26/17 19:11,0.027777975
1/26/17 23:26,0.027777975
1/27/17 13:11,0.018786809
1/30/17 10:21,0.018786809
1/30/17 21:54,0.122824579
1/31/17 10:39,0.027777975
1/31/17 13:05,0.027777975
2/1/17 10:02,0.027777975
2/1/17 13:00,0.027777975
2/1/17 18:35,0.029067159
2/2/17 13:12,0.041818749
2/6/17 15:30,0.025118538
2/6/17 18:15,0.041818749
2/7/17 12:00,0.097470402
2/7/17 13:17,0.025118538
2/9/17 16:26,0.041818749
2/14/17 13:11,0.122824579
2/15/17 13:32,0.111701701
2/16/17 14:05,0.122824579
2/20/17 10:30,0.07864834
2/20/17 13:01,0.111701701
2/20/17 13:35,0.097470402
2/22/17 13:02,0.108033295
2/23/17 13:24,0.108033295
2/23/17 18:24,0.122824579
2/27/17 19:23,0.07864834
2/28/17 10:27,0.07864834
2/28/17 15:37,0.097470402
3/1/17 15:00,0.122824579
3/1/17 23:00,0.108033295
3/2/17 12:08,0.122824579
3/2/17 13:20,0.108033295
3/2/17 21:17,0.122824579
3/3/17 19:13,0.122824579
3/6/17 13:02,0.097470402
3/9/17 11:14,0.111701701
3/9/17 13:08,0.111701701
3/9/17 22:46,0.122824579
3/13/17 17:40,0.111701701
3/13/17 20:17,0.122824579
3/13/17 23:22,0.108033295
3/14/17 13:01,0.108033295
3/15/17 16:26,0.018786809
3/16/17 15:41,0.07864834
3/17/17 20:38,0.018786809
3/18/17 10:00,0.041818749
3/19/17 17:34,0.108033295
3/20/17 10:26,0.07864834
3/20/17 13:37,0.122824579
3/21/17 13:09,0.111701701
3/21/17 20:05,0.111701701
3/22/17 16:53,0.122824579
3/22/17 20:09,0.122824579
3/22/17 23:14,0.122824579
3/23/17 13:14,0.108033295
3/23/17 22:06,0.122824579
3/24/17 16:04,0.108033295
3/25/17 23:16,0.122824579
3/31/17 18:15,0.018786809
4/5/17 16:51,0.111701701
4/10/17 15:04,0.111701701
4/13/17 15:12,0.122824579
4/17/17 22:22,0.122824579
4/18/17 13:02,0.108033295
4/18/17 21:36,0.122824579
4/19/17 14:19,0.097470402
4/20/17 13:05,0.111701701